fecha,temp_max,temp_min,temp_media,precipitacion
2017-01-01,"10,11","4,36","5,48","0,03"
2017-01-02,"11,05","4,36","6,81","0,19"
2017-01-03,"13,13","4,55","8,61","0,46"
2017-01-04,"13,68","5,14","9,3","0,06"
2017-01-05,"12,9","4,36","8,4","0,07"
2017-01-06,"12,38","4,4","7,0","0,03"
2017-01-07,"12,43","4,82","6,86","0,02"
2017-01-08,"12,93","4,21","7,01","0,04"
2017-01-09,"12,78","3,59","7,42","0,01"
2017-01-10,"11,62","3,79","7,82","4,02"
2017-01-11,"14,49","5,19","10,14","1,66"
2017-01-12,"15,0","4,58","10,05","0,63"
2017-01-13,"11,08","4,17","7,56","2,22"
2017-01-14,"9,25","3,7","5,57","2,29"
2017-01-17,"10,63","3,86","5,83","1,11"
2017-01-18,"6,2","5,23","1,99","0,51"
2017-01-19,"7,11","5,12","2,88","4,01"
2017-01-20,"8,51","3,75","5,06","4,12"
2017-01-21,"10,59","3,63","6,24","3,25"
2017-01-22,"10,48","4,1","6,44","1,85"
2017-01-23,"10,89","3,76","6,61","0,97"
2017-01-24,"12,07","3,78","6,74","0,15"
2017-01-25,"11,35","4,08","5,72","0,27"
2017-01-26,"10,31","4,03","5,64","3,14"
2017-01-27,"10,27","4,81","7,91","7,74"
2017-01-28,"11,56","3,86","7,87","1,22"
2017-01-29,"12,78","4,5","8,84","1,29"
2017-01-30,"14,68","6,27","10,86","0,46"
2017-01-31,"15,24","5,45","10,71","0,66"
2017-02-01,"14,5","5,94","10,6","1,1"
2017-02-02,"12,97","6,14","9,98","5,34"
2017-02-03,"13,72","6,32","10,42","5,53"
2017-02-04,"14,37","8,52","11,9","8,05"
2017-02-05,"12,9","5,76","9,69","4,8"
2017-02-06,"14,51","5,2","10,22","1,54"
2017-02-07,"14,61","5,89","10,63","2,62"
2017-02-08,"11,42","3,99","7,64","2,42"
2017-02-09,"12,79","3,27","7,52","0,17"
2017-02-10,"10,7","3,58","7,09","2,35"
2017-02-11,"10,78","4,47","7,81","2,8"
2017-02-12,"12,61","6,65","10,05","9,49"
2017-02-13,"13,22","6,52","10,32","9,31"
2017-02-14,"14,43","4,79","9,98","1,98"
2017-02-17,"16,18","4,7","10,49","0,0"
2017-02-18,"14,3","4,25","9,41","1,52"
2017-02-19,"13,97","5,3","9,93","1,13"
2017-02-20,"14,55","4,6","9,64","0,3"
2017-02-21,"16,26","4,79","10,58","0,37"
2017-02-22,"17,78","5,16","11,69","0,08"
2017-02-23,"15,86","6,85","11,75","0,87"
2017-02-24,"14,19","5,92","10,45","1,33"
2017-02-25,"16,38","4,65","10,35","0,04"
2017-02-26,"15,87","4,89","10,55","0,09"
2017-02-27,"15,25","5,96","10,98","0,23"
2017-02-28,"13,52","6,28","10,31","1,64"
2017-03-01,"16,06","5,09","10,82","0,15"
2017-03-02,"17,3","5,15","11,62","0,22"
2017-03-03,"13,74","4,64","9,53","6,43"
2017-03-04,"11,16","4,03","7,66","6,22"
2017-03-05,"14,29","5,28","10,13","1,38"
2017-03-06,"17,92","8,41","13,61","0,44"
2017-03-07,"18,5","7,58","13,49","0,5"
2017-03-08,"21,21","7,32","14,67","0,08"
2017-03-09,"24,19","7,42","16,22","0,0"
2017-03-10,"25,31","8,34","17,25","0,0"
2017-03-11,"22,63","8,13","15,82","0,04"
2017-03-12,"16,84","7,24","12,42","3,71"
2017-03-13,"12,91","5,86","9,71","6,9"
2017-03-14,"16,45","6,58","11,94","2,27"
2017-03-17,"18,5","5,42","12,26","0,45"
2017-03-18,"19,56","5,29","12,75","0,67"
2017-03-19,"20,33","5,33","13,17","0,46"
2017-03-20,"19,51","6,83","13,59","0,02"
2017-03-21,"15,04","6,31","11,1","1,18"
2017-03-22,"13,29","4,75","9,2","2,95"
2017-03-23,"11,03","3,79","7,16","1,63"
2017-03-24,"11,3","3,26","7,02","4,74"
2017-03-25,"11,27","3,68","7,54","7,45"
2017-03-26,"14,8","4,7","10,18","3,1"
2017-03-27,"14,95","6,74","11,3","2,59"
2017-03-28,"17,91","5,92","12,34","0,05"
2017-03-29,"20,7","5,87","13,66","0,0"
2017-03-30,"20,79","7,23","14,44","0,35"
2017-03-31,"19,11","8,37","14,21","1,45"
2017-04-01,"16,65","7,27","12,39","1,59"
2017-04-02,"17,6","6,05","12,09","1,14"
2017-04-03,"19,68","5,66","12,76","0,02"
2017-04-04,"19,77","6,23","13,36","0,07"
2017-04-05,"17,98","6,94","12,86","0,48"
2017-04-06,"19,37","6,51","13,31","0,03"
2017-04-07,"20,79","5,99","13,7","0,0"
2017-04-08,"22,04","6,61","14,74","0,0"
2017-04-09,"21,9","7,15","14,97","0,04"
2017-04-10,"22,47","7,48","15,42","0,06"
2017-04-11,"22,91","7,78","15,8","0,0"
2017-04-12,"23,64","7,8","16,14","0,0"
2017-04-13,"23,94","8,52","16,66","0,0"
2017-04-14,"22,58","9,46","16,48","0,03"
2017-04-17,"24,2","8,86","16,96","0,07"
2017-04-18,"23,27","9,64","16,91","0,06"
2017-04-19,"19,49","9,09","14,72","0,18"
2017-04-20,"18,6","7,86","13,54","0,13"
2017-04-21,"19,95","6,28","13,37","0,04"
2017-04-22,"21,26","6,74","14,32","0,05"
2017-04-23,"22,99","7,77","15,81","0,06"
2017-04-24,"23,17","8,46","16,26","0,23"
2017-04-25,"20,15","9,86","15,46","2,75"
2017-04-26,"16,08","7,93","12,37","2,6"
2017-04-27,"14,65","6,42","10,62","3,58"
2017-04-28,"15,15","6,08","10,29","6,04"
2017-04-29,"16,87","6,67","12,04","3,1"
2017-04-30,"15,95","7,5","12,14","3,93"
2017-05-01,"17,99","5,53","11,93","0,09"
2017-05-02,"20,55","7,54","14,49","0,26"
2017-05-03,"22,63","9,0","16,26","0,13"
2017-05-04,"23,38","10,14","17,21","0,1"
2017-05-05,"21,3","11,07","16,65","3,36"
2017-05-06,"20,68","8,93","15,24","0,55"
2017-05-07,"23,6","8,51","16,51","0,0"
2017-05-08,"23,6","8,51","16,51","0,0"
2017-05-09,"23,23","10,64","17,38","0,79"
2017-05-10,"23,6","8,51","16,51","0,0"
2017-05-11,"23,6","8,51","16,51","0,0"
2017-05-12,"23,6","8,51","16,51","0,0"
2017-05-13,"23,6","8,51","16,51","0,0"
2017-05-14,"23,14","10,31","17,18","0,17"
2017-05-17,"24,81","13,37","19,53","2,09"
2017-05-18,"20,18","10,46","15,79","5,51"
2017-05-19,"20,54","8,13","14,76","0,18"
2017-05-20,"23,76","8,69","16,67","0,04"
2017-05-21,"24,88","12,05","18,92","0,04"
2017-05-22,"25,94","12,87","19,85","0,3"
2017-05-23,"26,78","12,64","20,16","0,0"
2017-05-24,"28,43","13,48","21,4","0,06"
2017-05-25,"29,47","14,61","22,49","0,42"
2017-05-26,"27,16","14,63","21,35","2,06"
2017-05-27,"26,75","14,38","21,02","0,13"
2017-05-28,"25,27","15,09","20,63","0,74"
2017-05-29,"23,74","14,03","19,35","2,15"
2017-05-30,"23,97","13,32","19,1","0,96"
2017-05-31,"25,82","13,44","20,08","0,74"
2017-06-01,"27,34","14,04","21,14","0,31"
2017-06-02,"27,08","15,04","21,51","2,08"
2017-06-03,"24,26","14,33","19,76","3,14"
2017-06-04,"21,5","12,73","17,57","4,36"
2017-06-05,"24,09","11,2","18,09","2,29"
2017-06-06,"24,62","12,54","19,04","0,29"
2017-06-07,"27,06","12,13","20,04","0,0"
2017-06-08,"28,48","14,39","21,88","0,77"
2017-06-09,"27,55","14,82","21,63","0,28"
2017-06-10,"29,88","15,08","22,91","0,0"
2017-06-11,"30,57","16,39","23,93","0,03"
2017-06-12,"30,37","16,64","23,96","0,17"
2017-06-13,"30,38","17,24","24,28","0,42"
2017-06-14,"31,46","16,99","24,69","0,11"
2017-06-17,"32,92","18,08","25,95","0,15"
2017-06-18,"33,0","17,61","25,75","0,05"
2017-06-19,"31,76","18,47","25,56","1,06"
2017-06-20,"31,62","18,09","25,31","0,78"
2017-06-21,"32,2","17,68","25,39","0,23"
2017-06-22,"31,62","17,95","25,24","0,12"
2017-06-23,"31,43","17,62","24,98","0,1"
2017-06-24,"30,8","17,78","24,75","0,05"
2017-06-25,"29,27","17,78","23,98","1,57"
2017-06-26,"28,53","17,04","23,23","2,75"
2017-06-27,"26,99","16,08","21,99","1,87"
2017-06-28,"24,59","15,25","20,38","2,79"
2017-06-29,"22,38","12,66","17,95","0,97"
2017-06-30,"21,79","11,25","16,96","2,68"
2017-07-01,"22,91","11,45","17,61","1,41"
2017-07-02,"26,9","11,95","19,87","0,03"
2017-07-03,"29,46","14,24","22,3","0,0"
2017-07-04,"30,89","15,47","23,64","0,01"
2017-07-05,"29,41","16,4","23,37","0,1"
2017-07-06,"26,98","17,09","22,49","3,1"
2017-07-07,"27,37","16,13","22,2","3,1"
2017-07-08,"27,01","16,1","22,01","1,68"
2017-07-09,"28,47","15,98","22,68","0,97"
2017-07-10,"28,07","15,95","22,47","1,27"
2017-07-11,"30,41","15,98","23,64","0,03"
2017-07-12,"32,23","17,21","25,17","0,01"
2017-07-13,"32,42","18,44","25,88","0,04"
2017-07-14,"31,22","18,36","25,25","0,07"
2017-07-17,"32,11","18,41","25,74","0,11"
2017-07-18,"31,81","18,45","25,57","0,53"
2017-07-19,"29,17","18,01","24,04","0,35"
2017-07-20,"27,28","16,21","22,2","0,64"
2017-07-21,"26,89","15,38","21,59","0,9"
2017-07-22,"28,49","15,08","22,24","0,14"
2017-07-23,"28,96","15,69","22,78","0,87"
2017-07-24,"28,55","16,44","22,95","0,86"
2017-07-25,"27,82","15,89","22,31","0,23"
2017-07-26,"29,74","15,52","23,09","0,12"
2017-07-27,"32,11","16,74","24,88","0,05"
2017-07-28,"32,63","17,8","25,67","0,06"
2017-07-29,"32,87","17,87","25,82","0,07"
2017-07-30,"31,77","17,91","25,29","0,11"
2017-07-31,"29,62","16,94","23,72","0,14"
2017-08-01,"28,68","17,08","23,34","0,31"
2017-08-02,"31,34","16,77","24,5","0,28"
2017-08-03,"32,85","17,78","25,76","0,04"
2017-08-04,"33,73","18,86","26,75","0,14"
2017-08-05,"31,74","19,08","25,87","0,86"
2017-08-06,"30,07","17,64","24,3","0,69"
2017-08-07,"30,93","18,04","24,95","0,46"
2017-08-08,"27,89","16,3","22,55","0,48"
2017-08-09,"25,2","14,23","20,17","1,46"
2017-08-10,"25,25","12,94","19,55","1,19"
2017-08-11,"27,15","13,3","20,67","0,01"
2017-08-12,"29,09","13,76","21,88","0,01"
2017-08-13,"30,17","15,22","23,14","0,04"
2017-08-14,"31,23","16,61","24,39","0,16"
2017-08-17,"32,43","17,3","25,31","0,0"
2017-08-18,"31,52","18,38","25,4","0,11"
2017-08-19,"30,14","17,9","24,48","0,16"
2017-08-20,"31,11","16,9","24,46","0,0"
2017-08-21,"32,78","17,07","25,39","0,0"
2017-08-22,"32,84","18,21","25,99","0,09"
2017-08-23,"31,81","18,14","25,43","0,48"
2017-08-24,"31,06","17,57","24,76","0,42"
2017-08-25,"31,0","17,16","24,53","0,09"
2017-08-26,"30,69","18,08","24,83","0,5"
2017-08-27,"27,83","18,33","23,54","3,18"
2017-08-28,"26,76","16,8","22,23","4,49"
2017-08-29,"25,5","15,68","21,04","4,68"
2017-08-30,"25,35","15,37","20,8","4,64"
2017-08-31,"25,23","15,12","20,63","1,81"
2017-09-01,"25,35","14,63","20,44","0,34"
2017-09-02,"26,02","13,61","20,27","0,29"
2017-09-03,"27,92","14,51","21,67","0,17"
2017-09-04,"27,73","15,97","22,3","0,37"
2017-09-05,"29,29","16,01","23,11","0,04"
2017-09-06,"27,77","16,43","22,55","0,8"
2017-09-07,"26,91","14,53","21,17","0,74"
2017-09-08,"28,02","13,44","21,19","0,07"
2017-09-09,"22,88","13,85","18,83","3,38"
2017-09-10,"23,11","11,45","17,74","1,96"
2017-09-11,"26,57","13,74","20,6","1,21"
2017-09-12,"25,69","14,07","20,33","0,59"
2017-09-13,"28,37","13,46","21,38","0,01"
2017-09-14,"26,01","13,69","20,31","0,7"
2017-09-17,"22,69","8,91","16,22","0,16"
2017-09-18,"22,88","11,47","17,62","1,51"
2017-09-19,"24,0","11,05","17,98","0,05"
2017-09-20,"25,78","10,4","18,53","0,0"
2017-09-21,"25,55","11,72","19,09","0,58"
2017-09-22,"23,9","13,18","19,01","1,72"
2017-09-23,"25,95","12,84","19,84","0,03"
2017-09-24,"27,42","12,77","20,53","0,23"
2017-09-25,"25,45","13,81","20,08","0,83"
2017-09-26,"24,89","12,11","18,95","0,2"
2017-09-27,"25,41","12,31","19,31","0,12"
2017-09-28,"26,43","13,44","20,38","0,01"
2017-09-29,"26,3","13,45","20,32","0,09"
2017-09-30,"23,73","13,77","19,2","0,74"
2017-10-01,"23,92","14,17","19,5","0,44"
2017-10-02,"25,98","14,94","20,92","0,43"
2017-10-03,"26,6","14,49","21,01","0,15"
2017-10-04,"26,8","14,17","20,94","0,03"
2017-10-05,"27,03","13,69","20,82","0,04"
2017-10-06,"25,81","12,66","19,69","0,08"
2017-10-07,"24,63","10,69","18,09","0,2"
2017-10-08,"25,5","10,35","18,33","0,0"
2017-10-09,"25,38","10,1","18,16","0,02"
2017-10-10,"25,8","10,37","18,52","0,01"
2017-10-11,"26,19","10,83","18,94","0,01"
2017-10-12,"27,08","11,94","19,96","0,0"
2017-10-13,"27,54","13,06","20,75","0,0"
2017-10-14,"27,56","13,33","20,88","0,01"
2017-10-17,"22,2","12,87","17,99","2,46"
2017-10-18,"18,27","11,63","15,41","12,13"
2017-10-19,"18,13","9,92","14,48","5,59"
2017-10-20,"21,77","11,84","17,26","0,48"
2017-10-21,"21,27","11,37","16,77","0,63"
2017-10-22,"19,44","9,42","14,84","0,51"
2017-10-23,"21,75","8,41","15,45","0,07"
2017-10-24,"24,64","9,39","17,45","0,0"
2017-10-25,"25,64","9,99","18,25","0,0"
2017-10-26,"25,78","10,66","18,67","0,0"
2017-10-27,"25,2","10,76","18,44","0,01"
2017-10-28,"22,37","10,82","17,05","0,02"
2017-10-29,"21,29","8,81","15,46","0,16"
2017-10-30,"19,89","8,42","14,58","0,69"
2017-10-31,"19,74","7,7","14,06","0,07"
2017-11-01,"20,46","8,8","15,04","0,08"
2017-11-02,"19,57","10,96","15,71","1,63"
2017-11-03,"19,19","10,61","15,36","4,52"
2017-11-04,"17,28","10,57","14,37","7,91"
2017-11-05,"15,94","8,58","12,7","3,28"
2017-11-06,"14,7","6,42","10,92","1,28"
2017-11-07,"16,13","4,88","10,56","0,89"
2017-11-08,"14,75","5,26","10,26","3,03"
2017-11-09,"13,45","5,41","9,48","1,8"
2017-11-10,"15,79","5,55","10,87","1,58"
2017-11-11,"17,54","6,95","12,61","0,39"
2017-11-12,"18,32","6,86","12,85","0,59"
2017-11-13,"15,05","6,05","10,83","0,56"
2017-11-14,"14,67","4,66","9,53","0,01"
2017-11-17,"18,21","4,93","11,68","0,02"
2017-11-18,"17,71","5,2","11,58","0,0"
2017-11-19,"17,64","5,12","11,14","0,02"
2017-11-20,"18,82","5,09","11,72","0,0"
2017-11-21,"19,13","5,47","12,03","0,0"
2017-11-22,"19,05","5,68","12,16","0,41"
2017-11-23,"19,12","8,19","14,07","0,59"
2017-11-24,"18,49","9,02","14,2","2,71"
2017-11-25,"15,81","7,08","11,85","2,75"
2017-11-26,"14,17","6,05","9,88","0,35"
2017-11-27,"14,35","5,63","9,17","0,04"
2017-11-28,"13,63","6,16","9,3","2,56"
2017-11-29,"11,8","5,83","8,44","7,75"
2017-11-30,"10,41","4,44","6,48","1,9"
2017-12-01,"9,62","3,77","5,72","4,57"
2017-12-02,"8,7","3,93","5,08","2,3"
2017-12-03,"9,68","4,16","5,4","0,75"
2017-12-04,"11,6","4,1","6,46","0,26"
2017-12-05,"12,18","4,33","6,6","0,01"
2017-12-06,"11,97","4,59","6,31","0,01"
2017-12-07,"12,74","4,24","7,41","0,76"
2017-12-08,"13,23","4,42","8,94","2,72"
2017-12-09,"13,17","6,4","10,06","1,35"
2017-12-10,"14,11","7,76","11,34","8,79"
2017-12-11,"13,07","4,8","9,24","13,29"
2017-12-12,"10,05","3,52","6,4","1,81"
2017-12-13,"11,5","3,64","6,9","0,68"
2017-12-14,"13,29","6,1","10,08","2,63"
2017-12-17,"10,31","3,69","6,35","0,78"
2017-12-18,"11,39","3,61","6,81","1,27"
2017-12-19,"12,31","3,93","8,03","0,43"
2017-12-20,"12,44","3,64","7,55","0,17"
2017-12-21,"13,72","3,85","8,66","0,09"
2017-12-22,"13,81","3,82","8,73","0,04"
2017-12-23,"12,74","3,75","8,13","0,07"
2017-12-24,"12,98","4,01","8,19","0,01"
2017-12-25,"11,55","4,04","7,42","1,58"
2017-12-26,"10,84","4,74","8,1","3,82"
2017-12-27,"11,11","5,72","8,74","6,35"
2017-12-28,"13,2","6,45","10,05","3,14"
2017-12-29,"14,66","7,65","11,45","1,37"
2017-12-30,"16,46","7,45","12,35","0,05"
2017-12-31,"14,19","5,44","10,12","2,25"
2018-01-01,"13,48","4,85","9,42","1,73"
2018-01-02,"14,84","6,81","11,24","1,73"
2018-01-03,"16,7","9,47","13,54","0,53"
2018-01-04,"16,08","9,15","13,07","0,18"
2018-01-05,"13,9","6,26","10,48","5,27"
2018-01-06,"9,76","3,72","6,97","10,49"
2018-01-07,"8,19","3,09","5,63","7,16"
2018-01-08,"9,31","3,7","5,61","2,64"
2018-01-09,"8,97","3,91","5,28","2,26"
2018-01-10,"11,44","4,9","8,4","2,86"
2018-01-11,"10,13","4,16","7,37","2,87"
2018-01-12,"10,91","3,46","6,79","0,29"
2018-01-13,"9,42","3,41","6,25","3,5"
2018-01-14,"8,89","3,66","6,32","2,99"
2018-01-17,"14,18","5,01","9,88","0,53"
2018-01-18,"14,3","4,12","9,02","0,16"
2018-01-19,"13,95","4,89","9,49","0,67"
2018-01-20,"14,63","4,61","9,76","0,6"
2018-01-21,"16,16","7,31","12,16","0,86"
2018-01-22,"16,02","6,0","11,37","0,2"
2018-01-23,"15,37","5,09","10,54","0,07"
2018-01-24,"15,14","4,35","9,91","0,19"
2018-01-25,"11,95","4,52","8,56","5,01"
2018-01-26,"9,69","4,1","7,14","5,97"
2018-01-27,"10,32","3,72","7,05","1,73"
2018-01-28,"12,57","3,84","8,01","3,32"
2018-01-29,"14,29","4,29","9,17","0,65"
2018-01-30,"13,68","3,94","8,59","0,59"
2018-01-31,"13,9","3,99","8,56","0,65"
2018-02-01,"10,5","3,6","6,95","4,86"
2018-02-02,"8,27","3,24","5,23","4,41"
2018-02-03,"9,88","3,2","5,77","3,61"
2018-02-04,"8,05","3,15","5,59","5,85"
2018-02-05,"7,35","3,11","5,09","6,13"
2018-02-06,"7,26","3,28","4,55","2,98"
2018-02-07,"7,56","3,51","4,06","2,12"
2018-02-08,"7,84","3,93","3,65","1,17"
2018-02-09,"8,97","4,18","4,27","1,96"
2018-02-10,"9,96","3,5","6,22","1,17"
2018-02-11,"13,38","3,48","8,4","2,68"
2018-02-12,"10,38","4,1","6,71","2,48"
2018-02-13,"9,9","3,65","5,16","2,05"
2018-02-14,"12,59","4,98","9,02","1,28"
2018-02-17,"14,18","5,04","9,97","1,12"
2018-02-18,"13,26","4,61","8,76","0,78"
2018-02-19,"13,45","5,25","9,76","3,05"
2018-02-20,"14,26","5,41","10,22","1,99"
2018-02-21,"11,77","4,18","7,87","1,26"
2018-02-22,"10,63","3,55","5,81","0,35"
2018-02-23,"10,6","4,11","5,22","1,22"
2018-02-24,"12,34","4,38","6,06","0,03"
2018-02-25,"14,4","4,4","8,04","2,33"
2018-02-26,"14,23","3,91","8,08","0,85"
2018-02-27,"8,5","5,98","5,55","4,25"
2018-02-28,"10,21","5,64","7,22","17,94"
2018-03-01,"13,89","6,23","10,46","12,9"
2018-03-02,"12,59","5,67","9,35","11,49"
2018-03-03,"14,1","6,98","10,95","5,78"
2018-03-04,"13,98","6,46","10,63","6,85"
2018-03-05,"12,54","5,84","9,58","6,21"
2018-03-06,"12,68","5,29","9,31","2,56"
2018-03-07,"13,1","4,04","8,66","1,75"
2018-03-08,"14,77","5,96","10,73","3,69"
2018-03-09,"16,65","8,78","13,15","6,94"
2018-03-10,"16,79","9,12","13,41","8,12"
2018-03-11,"13,55","7,43","10,92","3,95"
2018-03-12,"14,38","6,56","10,89","0,93"
2018-03-13,"15,53","6,75","11,54","1,58"
2018-03-14,"14,95","6,69","11,22","9,25"
2018-03-17,"11,2","4,09","7,88","7,65"
2018-03-18,"12,45","4,65","8,72","3,07"
2018-03-19,"11,44","4,27","7,8","5,55"
2018-03-20,"9,76","3,61","6,55","2,73"
2018-03-21,"10,93","3,3","6,79","0,39"
2018-03-22,"13,06","3,52","7,45","0,06"
2018-03-23,"14,31","4,18","9,38","3,17"
2018-03-24,"11,47","4,82","8,47","8,05"
2018-03-25,"11,99","5,19","8,95","4,81"
2018-03-26,"14,51","4,61","9,81","1,37"
2018-03-27,"18,65","5,92","12,68","0,29"
2018-03-28,"19,96","7,15","13,95","0,93"
2018-03-29,"16,07","7,07","11,99","1,01"
2018-03-30,"13,16","5,58","9,69","2,55"
2018-03-31,"13,88","5,01","9,78","2,16"
2018-04-01,"17,68","4,58","11,33","0,06"
2018-04-02,"17,74","7,8","13,22","1,07"
2018-04-03,"17,39","8,39","13,35","2,4"
2018-04-04,"16,71","8,1","12,85","2,07"
2018-04-05,"18,99","5,83","12,8","0,03"
2018-04-06,"19,15","7,62","13,82","1,94"
2018-04-07,"14,55","7,92","11,68","6,17"
2018-04-08,"14,49","6,59","10,98","5,69"
2018-04-09,"12,7","5,42","9,47","4,19"
2018-04-10,"11,3","5,02","8,56","11,88"
2018-04-11,"11,82","4,77","8,65","11,72"
2018-04-12,"13,78","6,02","10,28","5,69"
2018-04-13,"13,88","6,33","10,53","4,44"
2018-04-14,"16,4","6,09","11,67","1,41"
2018-04-17,"21,73","6,75","14,68","0,0"
2018-04-18,"23,57","8,69","16,59","0,0"
2018-04-19,"21,97","9,84","16,36","0,18"
2018-04-20,"20,45","9,99","15,67","0,12"
2018-04-21,"20,35","9,78","15,52","1,0"
2018-04-22,"21,66","10,53","16,54","1,48"
2018-04-23,"21,55","11,26","16,87","1,09"
2018-04-24,"23,4","11,64","17,98","0,24"
2018-04-25,"22,28","10,88","17,03","0,66"
2018-04-26,"21,49","10,33","16,34","0,43"
2018-04-27,"21,06","9,86","15,92","0,75"
2018-04-28,"17,53","8,58","13,51","1,67"
2018-04-29,"14,32","6,8","10,98","4,89"
2018-04-30,"14,11","5,4","10,11","1,59"
2018-05-01,"15,18","5,01","10,35","1,9"
2018-05-02,"17,17","5,13","11,5","1,23"
2018-05-03,"17,66","7,89","13,24","0,83"
2018-05-04,"18,18","7,43","13,18","0,63"
2018-05-05,"20,66","8,19","14,86","0,85"
2018-05-06,"22,15","9,54","16,29","0,91"
2018-05-07,"22,67","10,74","17,16","1,63"
2018-05-08,"21,77","11,22","16,95","1,87"
2018-05-09,"21,04","10,65","16,28","0,74"
2018-05-10,"20,24","10,52","15,83","0,97"
2018-05-11,"22,16","8,76","15,9","0,25"
2018-05-12,"18,44","8,89","14,1","2,77"
2018-05-13,"16,72","6,19","11,73","2,43"
2018-05-14,"18,52","7,56","13,48","1,55"
2018-05-17,"22,05","9,61","16,3","0,75"
2018-05-18,"21,03","10,7","16,31","2,06"
2018-05-19,"22,12","10,34","16,68","1,5"
2018-05-20,"21,41","10,08","16,2","1,89"
2018-05-21,"21,68","10,62","16,61","2,1"
2018-05-22,"22,86","10,38","17,07","0,68"
2018-05-23,"23,05","11,41","17,69","1,36"
2018-05-24,"22,93","12,56","18,19","2,42"
2018-05-25,"20,39","12,53","16,89","5,64"
2018-05-26,"21,35","12,14","17,19","3,43"
2018-05-27,"21,85","12,19","17,46","2,36"
2018-05-28,"19,76","12,42","16,55","4,95"
2018-05-29,"20,15","12,12","16,59","4,03"
2018-05-30,"19,68","11,95","16,27","3,37"
2018-05-31,"21,5","11,39","16,91","0,82"
2018-06-01,"22,31","11,8","17,51","2,45"
2018-06-02,"22,2","12,04","17,57","2,83"
2018-06-03,"21,7","12,04","17,31","4,54"
2018-06-04,"20,53","11,87","16,66","2,38"
2018-06-05,"19,45","11,87","16,12","2,72"
2018-06-06,"19,97","11,4","16,16","2,92"
2018-06-07,"21,76","11,65","17,17","1,27"
2018-06-08,"21,57","12,77","17,61","3,9"
2018-06-09,"21,24","12,49","17,32","2,58"
2018-06-10,"20,8","12,26","16,98","3,49"
2018-06-11,"21,29","12,5","17,35","2,17"
2018-06-12,"22,27","12,44","17,81","2,73"
2018-06-13,"23,16","12,48","18,27","0,45"
2018-06-14,"24,47","11,88","18,63","0,02"
2018-06-17,"27,01","13,71","20,83","0,09"
2018-06-18,"27,2","14,34","21,23","0,07"
2018-06-19,"27,77","14,64","21,65","0,06"
2018-06-20,"29,2","15,65","22,87","0,21"
2018-06-21,"28,74","16,3","22,98","0,52"
2018-06-22,"28,73","16,41","23,02","0,27"
2018-06-23,"29,43","15,7","23,02","0,06"
2018-06-24,"30,22","15,79","23,47","0,0"
2018-06-25,"29,43","15,93","23,15","0,08"
2018-06-26,"28,78","16,03","22,85","0,7"
2018-06-27,"27,8","15,91","22,31","1,1"
2018-06-28,"26,98","16,05","21,97","2,06"
2018-06-29,"27,6","15,73","22,13","1,43"
2018-06-30,"26,16","16,27","21,67","3,31"
2018-07-01,"26,38","15,45","21,37","1,69"
2018-07-02,"26,34","14,86","21,07","1,11"
2018-07-03,"28,15","15,1","22,08","0,07"
2018-07-04,"26,7","15,35","21,48","1,55"
2018-07-05,"26,51","15,09","21,24","0,42"
2018-07-06,"27,73","15,08","21,86","0,29"
2018-07-07,"29,17","16,07","23,08","1,33"
2018-07-08,"30,05","16,85","23,9","0,91"
2018-07-09,"30,67","17,09","24,34","0,53"
2018-07-10,"30,34","17,19","24,21","0,09"
2018-07-11,"28,08","16,97","22,99","2,41"
2018-07-12,"28,05","16,1","22,53","1,29"
2018-07-13,"28,62","16,35","22,93","1,28"
2018-07-14,"29,21","16,08","23,1","0,81"
2018-07-17,"29,24","15,26","22,69","0,04"
2018-07-18,"29,29","16,85","23,52","0,48"
2018-07-19,"29,12","15,83","22,93","0,53"
2018-07-20,"27,57","16,21","22,35","2,09"
2018-07-21,"26,71","15,21","21,4","0,44"
2018-07-22,"27,8","15,79","22,24","0,89"
2018-07-23,"30,29","15,7","23,44","0,0"
2018-07-24,"29,78","16,77","23,72","0,33"
2018-07-25,"30,17","16,69","23,89","0,12"
2018-07-26,"30,24","16,95","24,05","0,11"
2018-07-27,"30,11","16,76","23,89","0,12"
2018-07-28,"29,52","16,29","23,36","0,23"
2018-07-29,"29,72","16,18","23,4","0,01"
2018-07-30,"30,63","16,24","23,88","0,17"
2018-07-31,"30,52","17,03","24,24","0,38"
2018-08-01,"32,09","17,73","25,37","0,31"
2018-08-02,"33,89","18,87","26,84","0,02"
2018-08-03,"34,5","19,75","27,58","0,01"
2018-08-04,"33,62","19,65","27,09","0,01"
2018-08-05,"34,08","19,39","27,19","0,1"
2018-08-06,"34,73","19,63","27,63","0,25"
2018-08-07,"30,97","18,85","25,37","1,07"
2018-08-08,"29,84","17,14","23,95","1,66"
2018-08-09,"27,02","16,18","22,05","1,55"
2018-08-10,"28,29","15,06","22,15","0,95"
2018-08-11,"30,4","16,82","24,06","0,4"
2018-08-12,"30,69","17,82","24,7","1,46"
2018-08-13,"29,22","17,21","23,66","0,69"
2018-08-14,"29,07","16,67","23,32","0,4"
2018-08-17,"26,71","16,04","21,84","3,17"
2018-08-18,"27,47","14,99","21,68","0,45"
2018-08-19,"29,38","15,7","22,99","0,02"
2018-08-20,"29,98","16,58","23,73","0,09"
2018-08-21,"30,78","16,56","24,13","0,53"
2018-08-22,"30,89","17,17","24,5","0,46"
2018-08-23,"30,47","17,29","24,33","0,83"
2018-08-24,"29,34","16,64","23,44","0,56"
2018-08-25,"28,37","15,73","22,5","0,23"
2018-08-26,"29,49","15,12","22,76","0,02"
2018-08-27,"31,15","16,23","24,13","0,0"
2018-08-28,"30,4","18,01","24,68","1,06"
2018-08-29,"28,42","16,5","22,9","0,92"
2018-08-30,"28,53","16,3","22,86","0,19"
2018-08-31,"29,01","16,46","23,18","0,76"
2018-09-01,"29,95","16,82","23,84","0,07"
2018-09-02,"31,05","17,11","24,53","0,18"
2018-09-03,"28,09","17,34","23,17","1,44"
2018-09-04,"27,29","15,6","21,88","1,02"
2018-09-05,"25,65","15,86","21,2","3,22"
2018-09-06,"25,39","15,23","20,77","2,16"
2018-09-07,"25,98","14,54","20,72","0,77"
2018-09-08,"25,46","14,81","20,59","2,93"
2018-09-09,"25,84","15,45","21,11","2,29"
2018-09-10,"26,61","15,18","21,34","1,16"
2018-09-11,"27,54","15,58","22,02","0,38"
2018-09-12,"28,0","16,67","22,78","1,17"
2018-09-13,"28,45","16,52","22,95","0,54"
2018-09-14,"27,93","16,05","22,45","1,1"
2018-09-17,"28,31","16,17","22,68","1,46"
2018-09-18,"27,3","16,23","22,23","1,88"
2018-09-19,"28,34","15,62","22,43","0,32"
2018-09-20,"28,91","15,9","22,86","0,07"
2018-09-21,"28,22","15,52","22,32","0,08"
2018-09-22,"29,77","15,69","23,18","0,01"
2018-09-23,"30,67","16,12","23,85","0,07"
2018-09-24,"27,93","15,51","22,17","0,62"
2018-09-25,"26,31","13,55","20,37","0,34"
2018-09-26,"26,63","14,85","21,2","0,9"
2018-09-27,"26,98","14,93","21,4","0,24"
2018-09-28,"26,77","13,83","20,75","0,01"
2018-09-29,"26,81","13,71","20,72","0,22"
2018-09-30,"26,1","12,95","19,98","0,14"
2018-10-01,"23,67","12,65","18,61","0,13"
2018-10-02,"23,76","10,08","17,36","0,04"
2018-10-03,"25,74","10,74","18,71","0,0"
2018-10-04,"26,26","10,98","19,08","0,0"
2018-10-05,"25,91","11,63","19,21","0,04"
2018-10-06,"25,05","11,45","18,7","0,46"
2018-10-07,"20,82","10,8","16,24","2,41"
2018-10-08,"20,87","9,83","15,77","1,54"
2018-10-09,"20,96","9,62","15,72","3,44"
2018-10-10,"21,78","11,85","17,26","3,45"
2018-10-11,"22,0","13,38","18,14","3,13"
2018-10-12,"24,13","13,84","19,45","0,33"
2018-10-13,"25,52","13,91","20,16","0,49"
2018-10-14,"20,38","11,84","16,56","13,52"
2018-10-17,"21,2","10,03","16,05","1,02"
2018-10-18,"18,53","11,52","15,5","9,73"
2018-10-19,"19,04","12,22","16,07","7,61"
2018-10-20,"19,9","11,89","16,34","3,4"
2018-10-21,"21,74","12,27","17,47","2,42"
2018-10-22,"21,31","11,17","16,7","0,34"
2018-10-23,"20,95","10,29","16,06","0,15"
2018-10-24,"22,52","9,3","16,32","0,19"
2018-10-25,"22,76","8,99","16,31","1,69"
2018-10-26,"19,09","9,96","14,98","1,27"
2018-10-27,"15,06","7,18","11,52","8,55"
2018-10-28,"10,54","4,83","7,77","6,52"
2018-10-29,"11,27","4,13","7,79","4,24"
2018-10-30,"12,0","5,25","8,85","9,15"
2018-10-31,"12,35","6,34","9,77","10,13"
2018-11-01,"14,62","5,84","10,65","1,71"
2018-11-02,"16,27","7,91","12,52","2,84"
2018-11-03,"16,65","6,53","11,98","0,08"
2018-11-04,"16,59","5,8","11,44","2,36"
2018-11-05,"13,44","7,12","10,73","10,19"
2018-11-06,"13,52","6,39","10,4","3,5"
2018-11-07,"15,33","6,63","11,43","2,23"
2018-11-08,"15,04","6,63","11,24","4,65"
2018-11-09,"14,27","6,79","10,97","4,09"
2018-11-10,"16,05","9,03","13,01","2,7"
2018-11-11,"17,64","9,84","14,2","4,3"
2018-11-12,"15,86","9,23","12,99","3,69"
2018-11-13,"16,97","8,34","13,05","0,26"
2018-11-14,"17,53","9,16","13,78","0,43"
2018-11-17,"16,78","9,06","13,36","2,34"
2018-11-18,"13,54","8,48","11,45","8,57"
2018-11-19,"13,54","7,95","11,19","4,58"
2018-11-20,"12,21","6,95","9,99","5,49"
2018-11-21,"13,55","6,44","10,43","2,51"
2018-11-22,"12,67","6,63","10,09","3,96"
2018-11-23,"12,43","5,82","9,51","3,85"
2018-11-24,"13,14","4,93","9,34","2,32"
2018-11-25,"14,12","6,48","10,7","5,98"
2018-11-26,"12,74","6,09","9,81","4,13"
2018-11-27,"14,03","4,86","9,75","0,15"
2018-11-28,"15,97","4,53","10,45","0,09"
2018-11-29,"15,19","4,81","10,06","2,12"
2018-11-30,"13,6","5,55","9,94","1,02"
2018-12-01,"13,8","4,88","9,61","0,22"
2018-12-02,"15,71","6,59","11,6","0,18"
2018-12-03,"16,29","7,04","12,11","1,19"
2018-12-04,"18,28","7,11","13,15","0,04"
2018-12-05,"18,11","6,84","12,88","0,11"
2018-12-06,"16,89","6,6","12,14","0,03"
2018-12-07,"15,78","5,44","10,85","0,4"
2018-12-08,"15,06","5,84","10,86","0,14"
2018-12-09,"17,14","5,77","11,82","0,05"
2018-12-10,"16,12","5,48","10,98","0,01"
2018-12-11,"14,42","4,62","9,59","0,04"
2018-12-12,"13,01","5,64","9,51","0,4"
2018-12-13,"11,41","5,97","9,1","9,5"
2018-12-14,"11,75","5,04","8,73","2,4"
2018-12-17,"12,29","4,01","8,23","0,04"
2018-12-18,"12,53","4,16","8,37","1,69"
2018-12-19,"12,92","5,22","9,44","1,03"
2018-12-20,"13,34","5,68","9,88","0,26"
2018-12-21,"13,99","5,77","10,17","0,21"
2018-12-22,"15,13","5,87","10,92","0,06"
2018-12-23,"15,23","5,1","10,5","0,02"
2018-12-24,"14,78","4,63","9,89","0,03"
2018-12-25,"14,67","4,67","9,95","0,01"
2018-12-26,"14,24","4,38","9,48","0,02"
2018-12-27,"13,0","4,22","8,45","0,12"
2018-12-28,"12,08","4,39","8,25","0,16"
2018-12-29,"12,78","4,12","8,53","0,19"
2018-12-30,"14,07","4,13","8,7","0,02"
2018-12-31,"15,29","4,13","9,21","0,0"
2019-01-01,"14,77","3,87","8,8","0,0"
2019-01-02,"13,24","3,97","7,85","0,02"
2019-01-03,"12,17","3,78","6,9","0,0"
2019-01-04,"12,47","4,0","6,87","0,0"
2019-01-05,"13,81","3,87","7,34","0,01"
2019-01-06,"14,22","4,2","8,01","0,0"
2019-01-07,"12,7","3,96","7,21","0,0"
2019-01-08,"12,82","3,94","7,28","0,06"
2019-01-09,"13,09","3,74","8,16","0,39"
2019-01-10,"9,8","3,52","5,77","0,18"
2019-01-11,"9,14","3,9","4,64","0,04"
2019-01-12,"11,19","3,67","6,16","0,19"
2019-01-13,"13,04","4,04","7,6","0,05"
2019-01-14,"14,51","4,32","9,01","0,22"
2019-01-17,"10,48","3,98","6,9","2,13"
2019-01-18,"9,31","3,81","5,62","0,86"
2019-01-19,"9,66","4,1","6,48","5,4"
2019-01-20,"10,65","4,5","7,84","5,26"
2019-01-21,"10,31","3,63","6,66","1,5"
2019-01-22,"8,73","3,37","5,47","4,55"
2019-01-23,"11,42","5,39","8,64","8,04"
2019-01-24,"12,44","6,32","9,57","4,48"
2019-01-25,"14,57","5,0","9,97","1,28"
2019-01-26,"15,36","4,08","9,58","0,07"
2019-01-27,"12,14","4,26","8,3","1,7"
2019-01-28,"12,04","4,35","8,32","2,98"
2019-01-29,"11,06","4,85","8,06","2,52"
2019-01-30,"11,09","4,91","8,11","3,81"
2019-01-31,"13,6","6,93","10,62","8,46"
2019-02-01,"12,1","5,2","9,01","9,04"
2019-02-02,"9,0","3,86","6,39","4,35"
2019-02-03,"9,34","3,45","5,57","0,82"
2019-02-04,"12,75","3,81","6,83","0,19"
2019-02-05,"15,68","3,9","9,76","0,25"
2019-02-06,"16,6","4,05","10,36","0,05"
2019-02-07,"15,24","3,98","9,81","0,1"
2019-02-08,"15,17","3,54","9,18","0,06"
2019-02-09,"15,22","4,23","9,96","0,09"
2019-02-10,"14,49","4,9","10,06","1,48"
2019-02-11,"14,24","5,34","9,9","0,37"
2019-02-12,"15,29","4,29","9,37","0,01"
2019-02-13,"16,44","4,15","9,81","0,0"
2019-02-14,"16,52","4,73","10,47","0,01"
2019-02-17,"16,32","4,5","10,17","0,24"
2019-02-18,"14,33","4,74","9,65","1,28"
2019-02-19,"14,25","4,38","9,45","0,6"
2019-02-20,"15,18","4,04","9,6","0,02"
2019-02-21,"17,03","4,22","10,57","0,0"
2019-02-22,"19,66","4,59","12,09","0,0"
2019-02-23,"19,61","5,09","12,34","0,0"
2019-02-24,"18,98","4,83","12,12","0,0"
2019-02-25,"19,18","4,66","12,06","0,0"
2019-02-26,"20,19","4,66","12,62","0,0"
2019-02-27,"20,29","4,89","12,79","0,01"
2019-02-28,"18,45","4,85","11,85","0,01"
2019-03-01,"17,9","4,8","11,4","0,03"
2019-03-02,"18,61","5,9","12,56","0,01"
2019-03-03,"20,19","5,36","13,09","0,48"
2019-03-04,"16,89","7,18","12,49","0,19"
2019-03-05,"16,44","6,89","12,06","1,86"
2019-03-06,"15,1","6,93","11,42","8,5"
2019-03-07,"13,73","4,66","9,49","0,96"
2019-03-08,"15,23","5,02","10,43","1,25"
2019-03-09,"18,57","5,02","12,14","0,07"
2019-03-10,"19,85","6,19","13,43","0,23"
2019-03-11,"18,47","6,4","12,86","0,11"
2019-03-12,"19,35","5,28","12,47","0,54"
2019-03-13,"14,7","5,82","10,57","1,0"
2019-03-14,"16,76","4,92","10,77","0,25"
2019-03-17,"18,11","5,66","12,23","0,59"
2019-03-18,"14,97","5,46","10,21","0,52"
2019-03-19,"14,3","5,2","10,04","1,45"
2019-03-20,"14,72","4,64","9,69","0,52"
2019-03-21,"15,8","4,34","9,73","0,03"
2019-03-22,"18,02","4,36","11,04","0,0"
2019-03-23,"19,16","5,34","12,52","0,07"
2019-03-24,"19,81","5,95","13,22","0,04"
2019-03-25,"18,38","5,82","12,44","0,77"
2019-03-26,"18,22","5,57","12,04","0,17"
2019-03-27,"17,66","4,82","11,2","0,24"
2019-03-28,"17,78","4,47","11,14","0,36"
2019-03-29,"17,83","4,43","11,31","0,37"
2019-03-30,"18,15","5,37","11,99","0,33"
2019-03-31,"16,02","6,32","11,53","3,75"
2019-04-01,"16,4","7,41","12,32","2,8"
2019-04-02,"17,46","6,55","12,43","1,61"
2019-04-03,"14,75","5,6","10,44","2,66"
2019-04-04,"14,28","4,29","8,85","1,57"
2019-04-05,"12,46","4,77","8,96","5,64"
2019-04-06,"12,36","4,73","8,87","4,56"
2019-04-07,"13,83","5,19","9,85","3,04"
2019-04-08,"15,92","7,01","11,9","3,2"
2019-04-09,"14,94","6,17","10,98","3,3"
2019-04-10,"14,98","5,96","10,87","1,98"
2019-04-11,"15,83","5,52","10,99","0,62"
2019-04-12,"17,82","5,39","11,84","0,06"
2019-04-13,"20,34","5,48","13,05","0,02"
2019-04-14,"21,68","8,4","15,48","0,04"
2019-04-17,"19,59","9,1","14,79","1,22"
2019-04-18,"15,99","9,15","13,04","7,75"
2019-04-19,"16,4","9,05","13,18","6,81"
2019-04-20,"18,02","8,55","13,73","4,51"
2019-04-21,"15,4","8,18","12,25","3,36"
2019-04-22,"17,74","8,08","13,36","1,42"
2019-04-23,"15,21","7,5","11,79","5,17"
2019-04-24,"14,99","6,04","10,93","7,4"
2019-04-25,"15,41","7,83","12,05","5,28"
2019-04-26,"17,05","6,73","12,34","0,77"
2019-04-27,"19,86","6,36","13,52","0,04"
2019-04-28,"21,46","7,79","15,08","0,0"
2019-04-29,"22,13","8,51","15,77","0,03"
2019-04-30,"22,38","9,05","16,17","0,07"
2019-05-01,"22,01","9,02","15,97","0,44"
2019-05-02,"20,69","9,53","15,56","0,69"
2019-05-03,"17,96","8,34","13,61","2,26"
2019-05-04,"19,87","7,08","13,86","0,26"
2019-05-05,"19,39","7,4","13,78","0,04"
2019-05-06,"21,36","7,08","14,46","0,02"
2019-05-07,"21,68","8,92","15,76","0,26"
2019-05-08,"20,49","11,79","16,61","1,57"
2019-05-09,"20,47","10,15","15,75","2,17"
2019-05-10,"23,77","12,51","18,6","0,93"
2019-05-11,"23,48","10,86","17,61","0,17"
2019-05-12,"24,29","9,56","17,34","0,0"
2019-05-13,"24,89","9,48","17,63","0,0"
2019-05-14,"25,67","9,07","17,81","0,0"
2019-05-17,"17,34","9,2","13,72","6,33"
2019-05-18,"17,13","7,88","12,93","2,02"
2019-05-19,"18,53","7,83","13,59","2,46"
2019-05-20,"20,72","7,5","14,54","0,08"
2019-05-21,"22,24","9,05","16,09","0,35"
2019-05-22,"24,46","9,44","17,4","0,03"
2019-05-23,"24,79","11,28","18,48","0,34"
2019-05-24,"20,79","11,64","16,65","3,28"
2019-05-25,"21,38","11,02","16,65","0,7"
2019-05-26,"23,25","10,43","17,29","0,17"
2019-05-27,"24,36","11,29","18,28","0,36"
2019-05-28,"22,97","11,4","17,63","0,23"
2019-05-29,"23,3","10,64","17,43","0,15"
2019-05-30,"26,27","10,55","18,87","0,0"
2019-05-31,"27,97","11,96","20,41","0,0"
2019-06-01,"29,01","12,94","21,44","0,0"
2019-06-02,"29,29","13,45","21,83","0,04"
2019-06-03,"28,45","14,31","21,84","0,12"
2019-06-04,"25,99","12,99","19,94","0,67"
2019-06-05,"20,35","11,08","16,16","3,37"
2019-06-06,"22,16","8,95","15,99","1,65"
2019-06-07,"21,76","10,39","16,52","0,91"
2019-06-08,"23,57","9,33","16,88","0,11"
2019-06-09,"23,82","12,1","18,41","0,23"
2019-06-10,"22,79","11,09","17,37","0,23"
2019-06-11,"19,92","10,42","15,62","2,76"
2019-06-12,"21,92","8,53","15,66","0,22"
2019-06-13,"23,29","10,18","17,18","0,08"
2019-06-14,"22,57","11,28","17,37","0,36"
2019-06-17,"27,5","12,03","20,21","0,0"
2019-06-18,"26,76","13,58","20,63","0,52"
2019-06-19,"25,81","14,32","20,53","0,18"
2019-06-20,"24,73","14,23","19,93","1,65"
2019-06-21,"24,62","13,47","19,52","1,45"
2019-06-22,"27,78","12,85","20,75","0,04"
2019-06-23,"28,5","15,09","22,23","0,68"
2019-06-24,"27,07","16,0","21,99","1,46"
2019-06-25,"28,76","15,31","22,48","0,29"
2019-06-26,"30,36","17,07","24,18","0,15"
2019-06-27,"31,76","17,53","25,09","0,0"
2019-06-28,"33,3","16,99","25,6","0,0"
2019-06-29,"33,49","17,55","25,97","0,01"
2019-06-30,"31,46","17,46","24,92","0,05"
2019-07-01,"29,13","16,87","23,45","0,57"
2019-07-02,"28,67","16,15","22,87","0,36"
2019-07-03,"29,43","16,4","23,37","1,02"
2019-07-04,"29,3","16,53","23,37","0,57"
2019-07-05,"30,0","16,42","23,65","0,24"
2019-07-06,"30,18","16,63","23,87","0,09"
2019-07-07,"29,92","16,89","23,86","0,37"
2019-07-08,"26,79","16,46","22,08","4,25"
2019-07-09,"26,47","15,06","21,22","2,21"
2019-07-10,"29,6","14,74","22,62","0,01"
2019-07-11,"32,2","16,26","24,68","0,0"
2019-07-12,"32,4","17,42","25,35","0,0"
2019-07-13,"29,87","18,37","24,57","1,18"
2019-07-14,"28,72","17,11","23,37","0,88"
2019-07-17,"28,07","16,88","22,93","0,96"
2019-07-18,"29,45","15,87","23,12","0,05"
2019-07-19,"31,5","16,43","24,42","0,01"
2019-07-20,"31,48","18,2","25,3","0,08"
2019-07-21,"31,68","18,3","25,44","0,18"
2019-07-22,"33,33","19,08","26,68","0,47"
2019-07-23,"33,34","19,0","26,63","1,09"
2019-07-24,"33,26","18,52","26,36","0,06"
2019-07-25,"32,11","18,61","25,81","0,62"
2019-07-26,"27,45","17,44","22,9","2,13"
2019-07-27,"24,68","15,8","20,69","3,51"
2019-07-28,"27,33","14,29","21,26","0,37"
2019-07-29,"28,61","14,64","22,08","0,13"
2019-07-30,"27,3","14,74","21,47","0,16"
2019-07-31,"28,1","14,85","21,92","0,02"
2019-08-01,"29,45","16,8","23,57","1,27"
2019-08-02,"30,59","16,25","23,87","0,04"
2019-08-03,"31,24","16,59","24,36","0,01"
2019-08-04,"31,02","17,33","24,62","0,01"
2019-08-05,"31,27","16,91","24,54","0,01"
2019-08-06,"31,18","17,24","24,68","0,23"
2019-08-07,"28,73","18,24","23,95","0,68"
2019-08-08,"31,65","18,27","25,4","0,58"
2019-08-09,"30,57","18,28","24,87","0,79"
2019-08-10,"29,48","17,24","23,81","0,07"
2019-08-11,"27,24","16,83","22,5","1,6"
2019-08-12,"25,98","14,52","20,7","0,61"
2019-08-13,"27,07","14,21","21,09","0,1"
2019-08-14,"29,83","14,31","22,53","0,02"
2019-08-17,"32,98","17,25","25,57","0,01"
2019-08-18,"30,89","17,53","24,68","1,18"
2019-08-19,"27,89","16,73","22,77","0,41"
2019-08-20,"26,9","16,04","21,92","3,42"
2019-08-21,"27,87","16,02","22,4","1,39"
2019-08-22,"29,62","15,56","23,05","0,01"
2019-08-23,"31,25","15,86","24,0","0,0"
2019-08-24,"31,39","16,68","24,49","0,01"
2019-08-25,"29,97","17,48","24,17","1,06"
2019-08-26,"27,63","16,91","22,73","3,64"
2019-08-27,"26,8","15,78","21,74","2,96"
2019-08-28,"29,19","15,95","23,03","0,06"
2019-08-29,"30,47","17,18","24,27","0,24"
2019-08-30,"31,26","17,29","24,74","0,47"
2019-08-31,"30,5","17,17","24,29","0,43"
2019-09-01,"28,6","16,84","23,16","1,05"
2019-09-02,"27,37","16,1","22,2","1,08"
2019-09-03,"29,17","14,8","22,43","0,13"
2019-09-04,"28,95","15,1","22,47","0,08"
2019-09-05,"25,71","15,23","20,92","0,71"
2019-09-06,"25,11","13,38","19,69","0,15"
2019-09-07,"25,78","13,1","19,9","0,41"
2019-09-08,"25,85","13,54","20,16","0,74"
2019-09-09,"26,19","12,82","19,96","0,35"
2019-09-10,"21,45","12,61","17,49","6,41"
2019-09-11,"23,17","12,77","18,42","1,93"
2019-09-12,"25,57","12,92","19,7","5,5"
2019-09-13,"24,69","14,36","19,99","5,76"
2019-09-14,"25,19","15,08","20,59","3,33"
2019-09-17,"27,5","15,94","22,17","2,02"
2019-09-18,"26,56","14,97","21,22","1,35"
2019-09-19,"26,56","14,57","21,02","0,51"
2019-09-20,"25,38","15,37","20,83","1,8"
2019-09-21,"23,07","15,95","19,97","4,16"
2019-09-22,"23,36","14,36","19,31","2,55"
2019-09-23,"23,78","12,16","18,42","0,23"
2019-09-24,"25,88","13,16","19,97","0,54"
2019-09-25,"24,17","13,72","19,4","0,03"
2019-09-26,"26,36","12,85","20,05","0,01"
2019-09-27,"26,39","13,18","20,23","0,16"
2019-09-28,"26,62","12,87","20,2","0,02"
2019-09-29,"28,02","13,0","20,97","0,18"
2019-09-30,"28,07","13,62","21,3","0,06"
2019-10-01,"26,28","14,1","20,66","0,15"
2019-10-02,"23,56","12,86","18,66","1,14"
2019-10-03,"25,17","11,03","18,56","0,09"
2019-10-04,"25,21","11,96","19,03","0,25"
2019-10-05,"25,0","12,21","19,07","0,03"
2019-10-06,"24,62","12,02","18,76","0,17"
2019-10-07,"26,38","12,28","19,79","0,02"
2019-10-08,"26,96","12,78","20,32","0,37"
2019-10-09,"24,36","12,91","19,09","0,14"
2019-10-10,"24,24","11,84","18,49","0,03"
2019-10-11,"25,71","12,53","19,57","0,03"
2019-10-12,"25,65","15,64","21,11","0,19"
2019-10-13,"24,54","14,48","19,96","1,33"
2019-10-14,"20,76","11,66","16,67","6,17"
2019-10-17,"21,1","10,3","16,15","1,85"
2019-10-18,"20,81","12,05","16,88","1,41"
2019-10-19,"19,77","11,93","16,3","7,2"
2019-10-20,"16,45","9,61","13,48","7,54"
2019-10-21,"16,19","7,05","12,04","1,91"
2019-10-22,"14,54","7,34","11,36","13,52"
2019-10-23,"14,57","8,6","12,02","10,5"
2019-10-24,"17,19","8,17","13,13","2,16"
2019-10-25,"21,6","8,45","15,49","0,01"
2019-10-26,"23,17","9,23","16,64","0,92"
2019-10-27,"22,15","10,42","16,74","0,03"
2019-10-28,"21,23","11,68","16,91","0,18"
2019-10-29,"21,44","11,48","16,93","0,11"
2019-10-30,"20,88","11,53","16,66","0,76"
2019-10-31,"21,19","13,6","17,85","1,04"
2019-11-01,"21,25","13,92","18,04","3,36"
2019-11-02,"19,74","13,65","17,15","3,01"
2019-11-03,"18,02","11,54","15,22","3,31"
2019-11-04,"18,1","10,47","14,74","4,01"
2019-11-05,"15,03","8,58","12,25","5,24"
2019-11-06,"15,19","7,3","11,68","1,95"
2019-11-07,"14,36","6,46","10,8","4,2"
2019-11-08,"12,52","5,56","9,38","5,58"
2019-11-09,"13,62","5,52","9,93","4,56"
2019-11-10,"11,6","6,18","9,25","5,95"
2019-11-11,"13,37","6,16","10,1","1,66"
2019-11-12,"14,18","6,11","10,53","3,58"
2019-11-13,"15,36","7,97","12,08","4,58"
2019-11-14,"11,66","5,47","8,86","6,2"
2019-11-17,"11,57","4,42","8,12","4,81"
2019-11-18,"11,77","4,64","8,4","2,4"
2019-11-19,"11,98","3,91","7,52","0,31"
2019-11-20,"11,41","4,26","7,8","2,73"
2019-11-21,"12,7","5,87","9,63","3,5"
2019-11-22,"13,96","7,35","11,05","14,75"
2019-11-23,"12,84","7,15","10,41","5,9"
2019-11-24,"13,19","5,72","9,83","1,57"
2019-11-25,"15,81","7,93","12,3","1,0"
2019-11-26,"16,71","8,62","13,12","2,66"
2019-11-27,"15,18","8,97","12,52","1,47"
2019-11-28,"14,99","8,47","12,18","2,0"
2019-11-29,"16,72","8,69","13,16","0,82"
2019-11-30,"16,42","7,28","12,25","4,51"
2019-12-01,"13,19","6,4","10,2","4,37"
2019-12-02,"11,79","5,95","9,16","4,64"
2019-12-03,"10,74","5,09","7,73","2,66"
2019-12-04,"11,57","5,05","8,36","7,25"
2019-12-05,"12,38","5,6","9,36","3,89"
2019-12-06,"13,93","5,32","9,89","0,67"
2019-12-07,"14,29","4,71","9,73","0,15"
2019-12-08,"13,07","4,64","9,12","1,46"
2019-12-09,"13,68","5,87","10,07","0,52"
2019-12-10,"13,96","4,43","9,22","0,11"
2019-12-11,"12,46","4,34","8,66","2,39"
2019-12-12,"11,89","5,37","8,99","8,43"
2019-12-13,"14,94","9,5","12,67","3,28"
2019-12-14,"14,02","7,89","11,4","0,36"
2019-12-17,"12,64","6,05","9,75","2,98"
2019-12-18,"13,62","5,06","9,68","2,59"
2019-12-19,"14,26","7,58","11,35","16,59"
2019-12-20,"14,8","9,86","12,77","19,91"
2019-12-21,"16,78","9,78","13,72","6,55"
2019-12-22,"15,17","8,94","12,52","1,94"
2019-12-23,"15,29","6,39","11,23","0,17"
2019-12-24,"17,75","6,55","12,6","0,06"
2019-12-25,"17,71","6,31","12,41","0,06"
2019-12-26,"16,08","5,53","11,17","0,02"
2019-12-27,"14,87","5,16","9,91","0,01"
2019-12-28,"15,62","5,03","10,03","0,01"
2019-12-29,"14,59","4,95","9,53","0,01"
2019-12-30,nan,nan,nan,nan
2019-12-31,"12,96","3,98","8,2","0,01"
2020-01-01,"12,78","3,99","7,86","0,02"
2020-01-02,"12,16","3,94","7,47","0,02"
2020-01-03,"11,12","3,85","7,35","0,28"
2020-01-04,"11,54","3,73","7,61","0,25"
2020-01-05,"13,21","3,6","7,99","0,01"
2020-01-06,"12,5","3,59","7,45","0,06"
2020-01-07,"13,52","3,79","8,1","0,03"
2020-01-08,"14,36","3,9","8,91","0,03"
2020-01-09,"13,45","3,85","8,71","0,36"
2020-01-10,"11,35","4,07","7,78","1,56"
2020-01-11,"12,06","3,84","7,21","0,06"
2020-01-12,"12,19","3,88","6,69","0,02"
2020-01-13,"11,81","3,88","6,55","0,06"
2020-01-14,"12,14","4,51","7,59","0,18"
2020-01-17,"13,61","4,78","9,46","0,98"
2020-01-18,"12,73","5,0","9,05","4,16"
2020-01-19,"10,41","4,69","7,61","6,04"
2020-01-20,"7,6","4,0","5,4","6,6"
2020-01-21,"8,7","4,05","6,38","11,27"
2020-01-22,"10,52","4,54","7,89","8,19"
2020-01-23,"10,96","4,44","7,93","6,1"
2020-01-24,"11,55","4,89","8,6","2,9"
2020-01-25,"11,1","5,18","8,52","4,56"
2020-01-26,"12,1","4,14","8,32","0,6"
2020-01-27,"12,1","4,41","8,5","1,65"
2020-01-28,"14,08","6,99","10,96","1,14"
2020-01-29,"15,24","7,5","11,77","2,31"
2020-01-30,"15,28","8,06","12,11","0,79"
2020-01-31,"16,73","8,58","13,1","1,13"
2020-02-01,"17,82","9,4","14,06","0,78"
2020-02-02,"19,44","8,6","14,45","0,03"
2020-02-03,"20,95","7,81","14,82","0,02"
2020-02-04,"18,24","6,88","12,97","0,27"
2020-02-05,"15,26","4,9","10,15","0,03"
2020-02-06,"15,38","4,53","9,84","0,0"
2020-02-07,"14,69","5,1","10,17","0,04"
2020-02-08,"13,76","5,34","9,88","1,0"
2020-02-09,"15,17","5,76","10,81","0,2"
2020-02-10,"18,03","7,36","13,14","0,08"
2020-02-11,"16,84","7,23","12,48","0,29"
2020-02-12,"15,32","7,87","12,05","0,16"
2020-02-13,"16,22","7,83","12,47","0,19"
2020-02-14,"16,95","5,9","11,83","0,03"
2020-02-17,"16,31","6,25","11,68","1,39"
2020-02-18,"13,77","5,81","9,89","0,18"
2020-02-19,"15,26","5,11","9,86","0,05"
2020-02-20,"16,64","4,21","10,2","0,01"
2020-02-21,"17,47","4,45","11,02","0,01"
2020-02-22,"19,38","4,4","11,91","0,0"
2020-02-23,"20,39","5,31","12,94","0,02"
2020-02-24,"20,46","5,15","12,92","0,01"
2020-02-25,"17,18","6,0","11,94","0,69"
2020-02-26,"14,88","6,03","10,76","0,97"
2020-02-27,"17,27","5,15","11,53","0,64"
2020-02-28,"18,7","5,83","12,64","0,06"
2020-02-29,"16,19","7,04","12,05","1,32"
2020-03-01,"16,4","8,42","12,86","3,66"
2020-03-02,"14,78","6,54","11,01","8,78"
2020-03-03,"15,93","5,51","11,05","2,3"
2020-03-04,"17,65","8,85","13,68","0,94"
2020-03-08,"17,56","4,36","11,06","0,17"
2020-03-09,"16,84","6,39","12,0","0,51"
2020-03-10,"20,54","6,28","13,85","0,01"
2020-03-11,"23,2","7,18","15,63","0,0"
2020-03-12,"21,62","8,84","15,69","0,3"
2020-03-13,"17,62","7,94","13,22","0,18"
2020-03-14,"18,47","6,32","12,69","0,06"
2020-03-17,"14,37","6,2","10,68","3,21"
2020-03-18,"17,3","7,75","12,99","0,25"
2020-03-19,"16,94","7,51","12,67","0,42"
2020-03-20,"15,23","7,64","11,87","3,21"
2020-03-21,"14,34","6,5","10,83","5,49"
2020-03-22,"14,46","6,27","10,81","2,99"
2020-03-23,"14,69","6,75","11,16","4,04"
2020-03-24,"15,28","7,06","11,62","3,28"
2020-03-25,"14,79","5,31","10,4","1,11"
2020-03-26,"14,19","4,8","9,47","1,18"
2020-03-27,"13,11","4,22","8,31","1,32"
2020-03-28,"15,94","4,17","10,02","0,55"
2020-03-29,"17,0","4,42","10,95","0,16"
2020-03-30,"11,52","4,78","8,29","3,01"
2020-03-31,"11,65","5,17","8,39","9,43"
2020-04-01,"13,98","6,33","10,57","5,85"
2020-04-02,"14,22","6,09","10,55","3,33"
2020-04-03,"16,79","4,96","11,02","0,33"
2020-04-04,"18,17","5,32","12,01","0,05"
2020-04-05,"18,19","8,23","13,63","2,23"
2020-04-06,"17,12","9,4","13,71","3,02"
2020-04-07,"18,11","9,86","14,43","2,11"
2020-04-08,"19,92","9,28","15,06","0,39"
2020-04-09,"18,68","9,69","14,64","2,82"
2020-04-10,"18,27","10,21","14,69","3,53"
2020-04-11,"18,51","9,83","14,63","1,96"
2020-04-12,"18,54","9,33","14,39","2,04"
2020-04-13,"17,19","8,72","13,41","4,68"
2020-04-14,"18,45","8,81","14,07","1,82"
2020-04-17,"18,37","10,33","14,79","2,57"
2020-04-18,"19,47","9,59","14,99","3,2"
2020-04-19,"17,75","10,42","14,54","5,66"
2020-04-20,"17,52","9,06","13,74","4,05"
2020-04-21,"15,0","8,98","12,44","8,23"
2020-04-22,"17,46","9,14","13,74","1,55"
2020-04-23,"19,25","9,17","14,66","0,59"
2020-04-24,"20,51","10,14","15,78","1,27"
2020-04-25,"18,86","10,13","14,95","3,32"
2020-04-26,"18,32","10,2","14,71","2,97"
2020-04-27,"17,39","9,54","13,9","3,95"
2020-04-28,"17,62","8,25","13,39","0,74"
2020-04-29,"18,94","7,75","13,78","0,57"
2020-04-30,"19,1","10,54","15,27","0,63"
2020-05-01,"22,09","11,5","17,24","1,54"
2020-05-02,"24,66","12,03","18,8","0,16"
2020-05-03,"26,62","11,19","19,36","0,0"
2020-05-04,"26,6","12,94","20,23","0,42"
2020-05-05,"23,57","11,67","18,06","0,05"
2020-05-06,"24,36","10,29","17,76","0,06"
2020-05-07,"24,72","11,95","18,8","0,28"
2020-05-08,"24,12","12,78","18,91","2,15"
2020-05-09,"21,29","12,02","17,12","2,43"
2020-05-10,"17,89","10,83","14,84","9,36"
2020-05-11,"19,83","10,61","15,66","2,55"
2020-05-12,"17,55","9,94","14,21","6,1"
2020-05-13,"18,68","9,89","14,75","3,85"
2020-05-14,"15,93","9,61","13,23","7,36"
2020-05-17,"21,04","8,96","15,45","0,48"
2020-05-18,"23,73","9,17","16,89","0,07"
2020-05-19,"25,8","10,77","18,73","0,0"
2020-05-20,"27,26","11,78","19,96","0,01"
2020-05-21,"27,86","12,55","20,66","0,01"
2020-05-22,"28,25","13,52","21,35","0,04"
2020-05-23,"26,45","13,94","20,65","0,47"
2020-05-24,"26,12","13,59","20,31","0,14"
2020-05-25,"25,59","14,03","20,27","1,28"
2020-05-26,"26,14","13,53","20,28","0,44"
2020-05-27,"26,85","13,65","20,7","0,17"
2020-05-28,"27,21","13,94","21,03","0,09"
2020-05-29,"27,67","13,1","20,84","0,34"
2020-05-30,"27,09","13,31","20,65","0,13"
2020-05-31,"26,02","13,99","20,46","3,18"
2020-06-01,"25,61","13,47","19,98","1,06"
2020-06-02,"26,0","13,72","20,33","0,6"
2020-06-03,"24,98","13,86","19,87","3,35"
2020-06-04,"21,11","12,96","17,5","5,7"
2020-06-05,"24,47","11,01","18,2","0,52"
2020-06-06,"24,7","12,56","19,09","1,75"
2020-06-07,"21,13","12,41","17,21","3,36"
2020-06-08,"20,46","10,16","15,77","2,53"
2020-06-09,"21,58","9,97","16,24","0,59"
2020-06-10,"22,91","10,18","16,98","0,48"
2020-06-11,"21,51","11,68","17,06","2,71"
2020-06-12,"20,15","11,16","16,12","2,73"
2020-06-13,"21,96","10,78","16,83","0,56"
2020-06-14,"23,38","11,17","17,73","0,13"
2020-06-17,"22,96","12,22","18,04","0,84"
2020-06-18,"24,02","12,17","18,57","1,22"
2020-06-19,"25,4","12,67","19,48","0,23"
2020-06-20,"27,57","13,12","20,8","0,15"
2020-06-21,"28,83","14,05","21,89","0,03"
2020-06-22,"30,21","15,33","23,22","0,0"
2020-06-23,"31,23","16,02","24,08","0,14"
2020-06-24,"29,74","17,04","23,84","1,15"
2020-06-25,"28,56","16,24","22,86","1,69"
2020-06-26,"27,14","15,4","21,72","0,61"
2020-06-27,"28,11","15,01","22,02","0,13"
2020-06-28,"29,26","16,07","23,12","0,19"
2020-06-29,"29,4","16,68","23,49","0,21"
2020-06-30,"30,48","16,69","24,05","0,43"
2020-07-01,"30,01","17,01","23,96","0,26"
2020-07-02,"27,54","16,07","22,25","1,17"
2020-07-03,"27,11","14,35","21,2","0,82"
2020-07-04,"29,36","14,02","22,14","0,02"
2020-07-05,"31,47","15,78","24,08","0,01"
2020-07-06,"30,77","17,13","24,38","0,27"
2020-07-07,"31,92","16,62","24,72","0,01"
2020-07-08,"31,2","17,74","24,92","0,44"
2020-07-09,"30,29","17,1","24,15","0,81"
2020-07-10,"29,12","16,46","23,24","0,47"
2020-07-11,"30,14","16,8","23,93","0,1"
2020-07-12,"29,52","17,92","24,17","2,16"
2020-07-13,"29,72","17,07","23,85","0,54"
2020-07-14,"28,15","16,01","22,54","1,0"
2020-07-17,"29,92","16,57","23,71","0,03"
2020-07-18,"31,67","16,26","24,43","0,01"
2020-07-19,"32,38","17,41","25,34","0,1"
2020-07-20,"31,77","17,75","25,22","0,22"
2020-07-21,"30,6","17,88","24,7","1,02"
2020-07-22,"30,57","17,87","24,66","0,43"
2020-07-23,"31,75","17,73","25,2","0,12"
2020-07-24,"30,83","17,69","24,71","0,34"
2020-07-25,"31,8","16,85","24,78","0,0"
2020-07-27,"33,85","18,67","26,71","0,23"
2020-07-28,"31,58","18,9","25,7","0,25"
2020-07-29,"32,34","18,35","25,79","0,1"
2020-07-30,"34,19","19,22","27,15","0,76"
2020-07-31,"33,52","18,57","26,49","0,05"
2020-08-01,"32,28","18,75","25,98","0,27"
2020-08-02,"30,23","17,79","24,46","0,29"
2020-08-03,"28,57","16,86","23,17","0,25"
2020-08-04,"29,16","16,42","23,24","0,23"
2020-08-05,"31,76","16,15","24,41","0,0"
2020-08-06,"33,41","17,77","26,03","0,0"
2020-08-07,"33,27","19,07","26,62","0,49"
2020-08-08,"33,1","18,82","26,42","0,88"
2020-08-09,"32,83","18,69","26,21","0,6"
2020-08-10,"30,45","18,44","24,9","0,42"
2020-08-11,"28,82","17,99","23,86","3,51"
2020-08-12,"27,42","16,48","22,4","3,64"
2020-08-13,"28,6","15,78","22,64","0,13"
2020-08-14,"29,14","15,67","22,85","0,38"
2020-08-17,"27,88","15,17","22,0","1,53"
2020-08-18,"28,52","16,74","23,1","0,48"
2020-08-19,"31,5","16,41","24,42","0,59"
2020-08-20,"31,38","16,49","24,4","1,12"
2020-08-21,"30,3","17,5","24,36","0,65"
2020-08-22,"30,57","16,7","24,08","0,05"
2020-08-23,"29,68","16,22","23,41","0,01"
2020-08-24,"30,07","16,33","23,66","0,02"
2020-08-25,"32,48","16,52","24,95","0,0"
2020-08-26,"32,82","17,79","25,77","0,01"
2020-08-27,"32,92","18,4","26,11","0,08"
2020-08-28,"28,26","17,01","23,1","1,65"
2020-08-29,"23,22","13,36","18,75","5,75"
2020-08-30,"23,0","11,45","17,67","1,66"
2020-08-31,"25,51","10,8","18,59","0,08"
2020-09-01,"26,07","13,18","20,08","0,15"
2020-09-02,"27,08","13,12","20,56","0,25"
2020-09-03,"29,32","13,42","21,83","0,0"
2020-09-04,"30,31","14,84","23,02","0,0"
2020-09-05,"28,83","15,59","22,65","0,16"
2020-09-06,"27,52","15,43","21,93","0,48"
2020-09-07,"25,87","14,18","20,48","2,54"
2020-09-08,"26,74","13,14","20,4","0,51"
2020-09-09,"27,63","13,89","21,22","0,87"
2020-09-10,"28,28","14,32","21,76","0,29"
2020-09-11,"29,2","14,74","22,42","0,21"
2020-09-12,"29,96","15,18","23,02","0,01"
2020-09-13,"30,73","16,09","23,85","0,01"
2020-09-14,"29,11","16,71","23,37","0,68"
2020-09-17,"26,99","17,28","22,6","2,17"
2020-09-18,"23,47","16,01","20,18","9,16"
2020-09-19,"23,0","15,01","19,47","4,8"
2020-09-20,"24,0","14,4","19,66","1,75"
2020-09-21,"24,41","14,28","19,81","1,6"
2020-09-22,"24,92","13,28","19,55","0,82"
2020-09-23,"24,48","14,77","20,08","1,4"
2020-09-24,"23,5","14,59","19,49","1,46"
2020-09-25,"20,29","12,03","16,6","3,23"
2020-09-26,"20,78","10,4","16,04","3,43"
2020-09-27,"20,76","10,81","16,23","1,18"
2020-09-28,"22,64","9,31","16,41","0,06"
2020-09-29,"24,49","10,22","17,81","0,04"
2020-09-30,"24,66","10,6","18,08","0,05"
2020-10-01,"22,64","11,94","17,75","0,79"
2020-10-02,"18,28","9,53","14,34","13,08"
2020-10-03,"17,34","8,04","13,12","3,62"
2020-10-04,"18,23","8,63","13,88","2,57"
2020-10-05,"19,74","9,12","14,88","0,5"
2020-10-06,"22,99","10,77","17,34","0,71"
2020-10-07,"24,63","12,49","19,03","0,7"
2020-10-08,"24,99","12,0","18,95","0,01"
2020-10-09,"24,39","12,21","18,74","0,04"
2020-10-10,"21,95","11,79","17,32","2,36"
2020-10-11,"18,89","9,6","14,68","1,42"
2020-10-12,"19,69","8,51","14,49","0,76"
2020-10-13,"21,17","9,22","15,64","2,14"
2020-10-14,"17,5","8,54","13,45","4,2"
2020-10-17,"19,26","5,48","12,62","0,03"
2020-10-18,"21,33","6,62","14,35","0,02"
2020-10-19,"22,73","8,96","16,27","1,12"
2020-10-20,"19,92","13,14","16,99","17,37"
2020-10-21,"20,07","13,21","17,1","5,94"
2020-10-22,"18,25","12,2","15,68","6,48"
2020-10-23,"18,01","9,8","14,36","1,64"
2020-10-24,"18,17","7,86","13,44","0,34"
2020-10-25,"17,57","8,49","13,49","7,16"
2020-10-26,"14,99","7,42","11,64","1,77"
2020-10-27,"16,48","6,67","11,98","0,46"
2020-10-28,"18,64","8,41","13,97","0,27"
2020-10-29,"20,27","8,21","14,68","0,02"
2020-10-30,"21,88","7,88","15,29","0,01"
2020-10-31,"22,6","8,75","16,12","0,1"
2020-11-01,"22,26","10,31","16,74","0,22"
2020-11-02,"21,76","10,25","16,45","0,91"
2020-11-03,"17,09","9,2","13,58","2,32"
2020-11-04,"13,38","8,34","11,25","6,85"
2020-11-05,"15,8","9,13","12,91","8,53"
2020-11-06,"18,91","11,99","15,91","3,61"
2020-11-07,"17,46","10,63","14,5","8,81"
2020-11-08,"17,79","9,12","13,92","2,58"
2020-11-09,"17,67","8,42","13,51","1,66"
2020-11-10,"17,44","7,51","12,91","0,33"
2020-11-11,"17,29","7,28","12,69","0,09"
2020-11-12,"17,9","8,42","13,61","0,11"
2020-11-13,"17,84","8,88","13,8","0,02"
2020-11-14,"17,17","9,99","14,01","1,04"
2020-11-17,"19,92","7,81","14,3","0,04"
2020-11-18,"20,43","8,54","14,93","0,19"
2020-11-19,"18,97","8,23","14,04","0,46"
2020-11-20,"16,73","6,86","12,19","0,04"
2020-11-21,"16,67","5,54","11,22","0,01"
2020-11-22,"16,53","5,21","10,75","0,0"
2020-11-23,"16,36","4,74","10,47","0,0"
2020-11-24,"15,57","4,87","10,23","0,42"
2020-11-25,"14,05","6,16","10,35","5,32"
2020-11-26,"13,36","7,91","11,08","6,8"
2020-11-27,"13,73","7,67","11,15","6,7"
2020-11-28,"13,72","6,45","10,53","3,55"
2020-11-29,"14,97","6,57","11,18","3,06"
2020-11-30,"15,45","6,02","11,07","0,76"
2020-12-01,"14,57","5,48","10,19","1,18"
2020-12-02,"12,3","4,75","8,6","0,73"
2020-12-03,"12,19","4,28","7,62","1,65"
2020-12-04,"10,06","3,89","7,0","5,16"
2020-12-05,"8,46","3,39","5,49","4,27"
2020-12-06,"9,14","3,62","6,38","4,7"
2020-12-07,"11,53","5,42","8,75","5,69"
2020-12-08,"10,55","4,81","7,97","6,51"
2020-12-09,"10,58","4,04","7,26","2,28"
2020-12-10,"13,62","6,65","10,49","5,88"
2020-12-11,"15,22","9,43","12,74","7,69"
2020-12-12,"14,4","8,09","11,67","1,8"
2020-12-13,"15,14","6,87","11,35","0,4"
2020-12-14,"14,35","7,66","11,45","3,36"
2020-12-17,"13,08","5,29","9,37","0,29"
2020-12-18,"12,79","5,13","9,22","1,05"
2020-12-19,"12,32","5,95","9,55","3,66"
2020-12-20,"13,26","5,75","9,86","1,14"
2020-12-21,"14,29","6,14","10,61","0,93"
2020-12-22,"15,93","6,87","11,83","0,15"
2020-12-23,"14,52","6,06","10,73","1,0"
2020-12-24,"12,14","5,57","9,09","1,64"
2020-12-25,"10,06","4,19","6,76","1,26"
2020-12-26,"9,58","3,83","5,54","0,76"
2020-12-27,"10,58","3,75","5,59","2,12"
2020-12-28,"10,59","4,26","7,63","5,25"
2020-12-29,"9,46","3,56","6,44","3,12"
2020-12-30,"9,13","3,38","5,66","2,25"
2020-12-31,"9,78","3,2","5,9","3,04"
2021-01-01,"8,25","3,41","5,49","3,36"
2021-01-02,"7,26","3,3","4,02","1,89"
2021-01-03,"8,04","3,66","4,18","2,17"
2021-01-04,"7,71","3,49","4,07","2,56"
2021-01-05,"7,86","4,44","3,88","1,53"
2021-01-06,"8,18","5,37","3,76","2,52"
2021-01-07,"6,12","5,15","3,35","6,21"
2021-01-08,"5,93","5,01","2,98","10,08"
2021-01-09,"5,42","3,36","3,08","6,85"
2021-01-10,"6,41","3,34","3,79","3,2"
2021-01-11,"7,53","4,32","3,72","0,87"
2021-01-12,"9,07","4,99","3,87","0,41"
2021-01-13,"10,56","4,57","5,2","0,17"
2021-01-14,"10,34","4,64","5,28","0,25"
2021-01-17,"13,22","4,28","7,41","0,44"
2021-01-18,"12,95","3,93","7,52","0,07"
2021-01-19,"12,23","3,82","6,85","0,16"
2021-01-20,"11,27","5,19","8,17","6,63"
2021-01-21,"13,47","7,06","10,71","3,31"
2021-01-22,"12,93","6,09","9,89","6,77"
2021-01-23,"12,43","5,52","9,25","4,23"
2021-01-24,"13,29","6,84","10,44","2,68"
2021-01-25,"13,21","7,17","10,56","5,76"
2021-01-26,"14,34","7,33","11,09","1,0"
2021-01-27,"17,39","8,88","13,56","1,24"
2021-01-28,"18,73","8,4","14,0","0,14"
2021-01-29,"17,74","8,53","13,57","0,76"
2021-01-30,"14,53","7,57","11,48","3,34"
2021-01-31,"14,98","7,56","11,68","2,12"
2021-02-01,"16,0","9,05","12,97","0,94"
2021-02-02,"16,2","8,16","12,64","1,81"
2021-02-03,"15,39","7,66","11,97","1,95"
2021-02-04,"14,31","7,02","11,11","3,99"
2021-02-05,"13,76","6,74","10,69","6,37"
2021-02-06,"12,28","6,11","9,59","6,77"
2021-02-07,"10,9","4,71","7,94","1,99"
2021-02-08,"12,01","6,03","9,42","6,13"
2021-02-09,"11,83","6,12","9,35","7,77"
2021-02-10,"13,65","6,27","10,32","3,61"
2021-02-11,"15,72","6,6","11,5","1,89"
2021-02-12,"14,81","7,37","11,53","4,09"
2021-02-13,"15,62","5,46","10,95","0,2"
2021-02-14,"15,6","4,72","10,43","0,24"
2021-02-17,"16,88","5,36","11,54","0,61"
2021-02-18,"16,34","5,8","11,48","1,2"
2021-02-19,"16,98","5,66","11,72","0,2"
2021-02-20,"16,88","7,1","12,41","2,06"
2021-02-21,"13,65","6,48","10,48","6,25"
2021-02-22,"12,77","4,9","9,13","5,72"
2021-02-23,"15,58","4,98","10,46","0,24"
2021-02-24,"16,78","6,44","11,98","0,11"
2021-02-25,"14,78","6,65","11,11","1,03"
2021-02-26,"15,14","6,69","11,34","0,42"
2021-02-27,"15,13","5,21","10,51","0,11"
2021-02-28,"13,68","5,08","9,57","0,89"
2021-03-01,"13,6","6,81","10,61","1,37"
2021-03-02,"14,56","7,57","11,5","0,24"
2021-03-03,"15,99","6,83","11,84","0,05"
2021-03-04,"15,65","6,12","11,31","0,06"
2021-03-05,"14,72","6,11","10,84","2,54"
2021-03-06,"13,82","6,08","10,31","1,41"
2021-03-07,"13,23","6,2","10,08","3,82"
2021-03-08,"12,08","5,7","9,26","3,18"
2021-03-09,"12,6","4,6","8,56","0,7"
2021-03-10,"15,73","3,96","9,27","0,05"
2021-03-11,"17,7","5,45","12,0","0,51"
2021-03-12,"15,51","5,78","11,0","0,53"
2021-03-13,"15,81","4,28","10,06","0,13"
2021-03-14,"15,44","5,12","10,61","1,02"
2021-03-17,"17,45","5,71","11,91","0,16"
2021-03-18,"13,57","5,07","9,48","1,62"
2021-03-19,"11,84","4,04","8,07","3,67"
2021-03-20,"11,31","3,81","7,42","1,08"
2021-03-21,"13,69","3,63","8,06","0,06"
2021-03-22,"15,95","3,89","9,94","0,05"
2021-03-23,"18,46","3,9","11,02","0,0"
2021-03-24,"19,3","4,66","12,0","0,0"
2021-03-25,"19,51","5,26","12,7","0,0"
2021-03-26,"18,38","5,97","12,59","0,11"
2021-03-27,"17,75","6,24","12,3","0,26"
2021-03-28,"20,19","6,01","13,45","0,2"
2021-03-29,"20,51","8,18","14,79","0,19"
2021-03-30,"20,82","9,55","15,63","0,01"
2021-03-31,"22,53","8,86","16,14","0,14"
2021-04-01,"20,95","9,57","15,71","0,89"
2021-04-02,"19,41","8,84","14,59","1,77"
2021-04-03,"19,08","7,75","13,85","0,49"
2021-04-04,"18,54","6,32","12,75","0,31"
2021-04-05,"19,92","6,02","13,2","0,03"
2021-04-06,"18,96","6,4","12,99","0,08"
2021-04-07,"17,38","5,88","11,76","0,11"
2021-04-08,"17,82","6,7","12,54","0,2"
2021-04-09,"15,98","7,85","12,36","2,98"
2021-04-10,"16,78","8,76","13,2","4,23"
2021-04-11,"15,83","7,7","12,16","5,52"
2021-04-12,"16,81","6,06","11,52","0,33"
2021-04-13,"17,28","6,94","12,41","0,81"
2021-04-14,"17,59","8,56","13,5","1,03"
2021-04-17,"15,45","4,96","10,03","0,19"
2021-04-18,"18,16","5,01","11,61","0,04"
2021-04-19,"19,61","6,6","13,44","0,22"
2021-04-20,"17,99","8,32","13,6","2,08"
2021-04-21,"16,95","8,55","13,19","2,71"
2021-04-22,"17,43","9,47","13,91","3,5"
2021-04-23,"19,2","8,64","14,36","0,23"
2021-04-24,"18,89","9,54","14,67","1,27"
2021-04-25,"18,18","10,19","14,64","4,01"
2021-04-26,"17,61","10,06","14,29","4,8"
2021-04-27,"17,27","9,64","13,91","5,1"
2021-04-28,"17,16","9,55","13,81","2,92"
2021-04-29,"16,24","8,88","13,01","3,7"
2021-04-30,"16,07","7,71","12,33","2,18"
2021-05-01,"15,92","7,11","11,93","2,63"
2021-05-02,"16,91","5,85","11,76","0,29"
2021-05-03,"18,09","7,04","12,98","0,71"
2021-05-04,"20,78","7,43","14,54","0,06"
2021-05-05,"21,71","8,96","15,79","0,18"
2021-05-06,"23,14","9,22","16,63","0,04"
2021-05-07,"24,52","10,77","18,09","0,13"
2021-05-08,"25,37","10,9","18,58","0,05"
2021-05-09,"20,58","10,83","16,16","5,56"
2021-05-10,"17,66","8,65","13,59","3,58"
2021-05-11,"17,49","7,33","12,81","1,24"
2021-05-12,"19,58","8,44","14,46","1,13"
2021-05-13,"19,42","8,5","14,39","3,0"
2021-05-14,"20,68","9,0","15,28","0,61"
2021-05-17,"22,48","11,15","17,28","0,04"
2021-05-18,"23,64","10,35","17,43","0,47"
2021-05-19,"22,28","10,42","16,81","0,13"
2021-05-20,"25,33","9,78","18,0","0,07"
2021-05-21,"24,01","11,59","18,25","0,38"
2021-05-22,"20,41","10,66","15,98","0,25"
2021-05-23,"18,28","8,91","14,04","4,65"
2021-05-24,"20,46","8,64","15,01","2,08"
2021-05-25,"21,74","9,21","15,93","0,07"
2021-05-26,"23,07","10,13","17,05","0,5"
2021-05-27,"23,64","10,84","17,69","0,54"
2021-05-28,"24,69","13,45","19,52","0,78"
2021-05-29,"26,5","12,78","20,1","0,92"
2021-05-30,"26,24","13,85","20,5","1,48"
2021-05-31,"26,51","14,03","20,73","1,29"
2021-06-01,"22,79","13,67","18,69","3,8"
2021-06-02,"24,14","11,74","18,39","0,68"
2021-06-03,"23,7","12,7","18,65","1,72"
2021-06-04,"22,88","12,31","18,05","2,29"
2021-06-05,"23,21","12,18","18,14","2,75"
2021-06-06,"25,13","12,32","19,16","0,67"
2021-06-07,"27,29","12,5","20,35","0,11"
2021-06-08,"28,9","13,72","21,76","0,12"
2021-06-09,"29,09","14,43","22,21","0,13"
2021-06-10,"29,42","14,77","22,55","0,3"
2021-06-11,"28,23","15,31","22,23","1,5"
2021-06-12,"28,32","15,04","22,14","0,53"
2021-06-13,"29,5","15,77","23,08","1,23"
2021-06-14,"29,85","16,01","23,38","1,09"
2021-06-17,"22,2","14,95","19,03","10,62"
2021-06-18,"23,25","13,73","18,95","5,81"
2021-06-19,"22,95","13,86","18,85","1,36"
2021-06-20,"22,28","13,72","18,46","2,39"
2021-06-21,"22,68","13,11","18,34","1,52"
2021-06-22,"22,72","12,42","18,03","2,12"
2021-06-23,"22,36","12,27","17,78","2,54"
2021-06-24,"25,31","11,94","19,07","0,25"
2021-06-25,"27,4","13,3","20,8","0,0"
2021-06-26,"27,71","14,86","21,73","0,47"
2021-06-27,"26,01","14,04","20,49","0,47"
2021-06-28,"24,99","12,59","19,23","0,24"
2021-06-29,"25,99","12,83","19,86","0,03"
2021-06-30,"27,27","13,76","20,97","0,07"
2021-07-01,"28,66","14,84","22,19","0,01"
2021-07-02,"29,84","15,12","22,93","0,23"
2021-07-03,"29,07","16,32","23,17","0,18"
2021-07-04,"28,69","16,37","22,99","0,15"
2021-07-05,"30,28","16,14","23,66","0,26"
2021-07-06,"26,25","16,11","21,63","0,94"
2021-07-07,"24,95","14,34","20,09","1,26"
2021-07-08,"26,43","13,27","20,3","0,22"
2021-07-09,"28,81","14,32","22,0","0,02"
2021-07-10,"30,98","15,93","23,91","0,04"
2021-07-11,"31,93","17,2","25,01","0,26"
2021-07-12,"27,03","16,39","22,16","0,72"
2021-07-13,"25,2","13,27","19,69","0,59"
2021-07-14,"26,2","13,67","20,39","0,19"
2021-07-17,"31,85","16,17","24,47","0,0"
2021-07-18,"31,59","16,93","24,72","0,0"
2021-07-19,"31,47","16,9","24,66","0,01"
2021-07-20,"30,89","16,56","24,17","0,41"
2021-07-21,"31,7","16,72","24,66","0,05"
2021-07-22,"32,56","17,54","25,5","0,04"
2021-07-23,"30,57","17,83","24,65","0,23"
2021-07-24,"29,35","16,09","23,17","0,14"
2021-07-25,"27,97","15,8","22,34","0,42"
2021-07-26,"27,32","16,05","22,13","1,83"
2021-07-27,"28,79","15,55","22,61","0,13"
2021-07-28,"29,11","16,16","23,09","0,21"
2021-07-29,"30,28","16,65","23,92","0,07"
2021-07-30,"29,6","16,58","23,54","0,31"
2021-07-31,"25,03","15,18","20,56","2,44"
2021-08-01,"25,03","12,89","19,42","0,64"
2021-08-02,"26,66","13,82","20,69","0,28"
2021-08-03,"28,27","14,72","21,94","0,49"
2021-08-04,"28,18","16,94","23,02","2,36"
2021-08-05,"30,37","15,69","23,49","0,12"
2021-08-06,"29,03","16,25","23,1","0,3"
2021-08-07,"27,15","15,98","22,02","0,41"
2021-08-08,"26,95","14,17","21,0","0,19"
2021-08-09,"29,23","15,18","22,66","0,06"
2021-08-10,"30,47","16,67","24,03","0,01"
2021-08-11,"32,45","18,26","25,82","0,56"
2021-08-12,"33,28","19,26","26,73","0,11"
2021-08-13,"34,77","18,55","27,12","0,01"
2021-08-14,"35,87","20,02","28,4","0,15"
2021-08-17,"29,09","16,79","23,39","0,07"
2021-08-18,"28,86","15,97","22,87","0,13"
2021-08-19,"28,79","15,82","22,75","0,64"
2021-08-20,"30,59","15,91","23,7","0,03"
2021-08-21,"31,03","16,4","24,16","0,03"
2021-08-22,"31,11","17,04","24,53","0,02"
2021-08-23,"30,06","17,79","24,39","0,16"
2021-08-24,"28,7","16,87","23,24","0,93"
2021-08-25,"28,46","16,31","22,83","1,17"
2021-08-26,"29,98","16,5","23,7","0,26"
2021-08-27,"30,8","16,68","24,19","0,05"
2021-08-28,"29,04","15,92","22,94","0,05"
2021-08-29,"27,6","15,46","21,99","0,19"
2021-08-30,"27,17","15,4","21,73","1,58"
2021-08-31,"28,59","15,56","22,53","1,08"
2021-09-01,"25,36","16,52","21,39","8,25"
2021-09-02,"25,74","15,62","21,14","3,82"
2021-09-03,"26,94","15,78","21,81","1,13"
2021-09-04,"28,5","15,31","22,38","0,17"
2021-09-05,"30,58","16,06","23,78","0,02"
2021-09-06,"30,94","18,65","25,24","0,23"
2021-09-07,"29,38","18,77","24,52","0,76"
2021-09-08,"27,48","16,86","22,63","0,68"
2021-09-09,"26,48","16,9","22,15","2,41"
2021-09-10,"26,74","15,9","21,79","1,19"
2021-09-11,"27,62","14,91","21,72","0,13"
2021-09-12,"29,42","15,25","22,79","0,23"
2021-09-13,"26,51","17,03","22,22","1,81"
2021-09-14,"23,73","16,68","20,66","9,62"
2021-09-17,"25,66","13,83","20,2","1,12"
2021-09-18,"23,85","13,84","19,29","2,3"
2021-09-19,"24,29","11,91","18,54","0,3"
2021-09-20,"23,03","12,62","18,3","2,64"
2021-09-21,"21,59","11,68","17,08","3,32"
2021-09-22,"22,3","12,58","17,88","2,4"
2021-09-23,"23,2","13,55","18,82","4,25"
2021-09-24,"23,35","15,02","19,63","3,89"
2021-09-25,"23,45","14,61","19,47","2,46"
2021-09-26,"24,59","13,32","19,4","0,05"
2021-09-27,"25,42","13,43","19,88","0,33"
2021-09-28,"24,43","13,11","19,21","0,08"
2021-09-29,"23,76","12,21","18,46","0,43"
2021-09-30,"24,29","12,61","18,92","0,08"
2021-10-01,"24,92","12,71","19,27","0,57"
2021-10-02,"24,92","13,08","19,46","0,54"
2021-10-03,"21,69","12,05","17,33","9,03"
2021-10-04,"19,76","9,28","14,97","2,03"
2021-10-05,"21,49","10,07","16,23","1,01"
2021-10-06,"22,8","11,48","17,6","0,15"
2021-10-07,"24,4","10,52","17,92","0,0"
2021-10-08,"23,95","10,69","17,77","0,01"
2021-10-09,"22,82","10,61","17,15","0,02"
2021-10-10,"22,19","11,27","17,18","0,05"
2021-10-11,"22,68","10,27","16,89","0,01"
2021-10-12,"22,89","9,58","16,67","0,0"
2021-10-13,"22,55","9,26","16,33","0,02"
2021-10-14,"22,9","8,82","16,2","0,0"
2021-10-17,"22,44","12,44","17,9","0,9"
2021-10-18,"23,94","12,46","18,66","0,15"
2021-10-19,"24,99","13,39","19,66","0,03"
2021-10-20,"24,31","13,13","19,17","0,39"
2021-10-21,"21,1","11,52","16,76","0,15"
2021-10-22,"18,82","9,27","14,5","2,66"
2021-10-23,"19,73","7,75","14,08","0,45"
2021-10-24,"20,55","7,36","14,21","0,33"
2021-10-25,"20,4","7,72","14,44","0,25"
2021-10-26,"20,38","8,37","14,79","0,16"
2021-10-27,"20,88","7,85","14,72","0,2"
2021-10-28,"20,17","8,08","14,53","0,91"
2021-10-29,"17,83","10,97","14,87","6,26"
2021-10-30,"18,84","13,13","16,44","12,63"
2021-10-31,"20,79","13,6","17,63","8,74"
2021-11-01,"18,49","10,98","15,18","3,54"
2021-11-02,"16,56","8,85","13,13","2,88"
2021-11-03,"13,79","6,99","10,78","3,51"
2021-11-04,"13,6","5,18","9,65","3,86"
2021-11-05,"13,14","5,01","9,27","2,49"
2021-11-06,"13,66","5,03","9,36","0,24"
2021-11-07,"14,76","4,96","9,83","0,25"
2021-11-08,"17,09","6,22","12,05","0,38"
2021-11-09,"16,52","5,82","11,47","1,32"
2021-11-10,"16,35","5,69","11,18","1,71"
2021-11-11,"16,48","5,85","11,37","2,01"
2021-11-12,"16,85","6,51","12,01","0,77"
2021-11-13,"17,18","6,78","12,32","0,43"
2021-11-14,"16,6","6,5","11,82","0,99"
2021-11-17,"14,37","5,43","10,09","0,21"
2021-11-18,"14,75","5,31","10,0","0,7"
2021-11-19,"15,8","5,76","10,83","0,25"
2021-11-20,"14,51","7,02","11,05","1,86"
2021-11-21,"15,17","6,9","11,37","2,05"
2021-11-22,"12,01","5,72","9,19","5,47"
2021-11-23,"10,47","4,93","7,96","11,44"
2021-11-24,"10,39","4,58","7,72","7,38"
2021-11-25,"10,54","4,72","7,95","6,54"
2021-11-26,"10,61","4,07","7,51","2,76"
2021-11-27,"10,2","3,61","6,84","6,01"
2021-11-28,"9,36","3,66","6,16","6,22"
2021-11-29,"12,52","5,49","9,23","3,99"
2021-11-30,"13,53","4,36","8,93","0,26"
2021-12-01,"12,15","3,97","7,87","3,23"
2021-12-02,"10,69","4,65","7,82","4,12"
2021-12-03,"12,58","4,11","8,27","0,91"
2021-12-04,"13,53","4,68","9,32","2,11"
2021-12-05,"11,1","5,16","8,36","4,93"
2021-12-06,"12,89","4,83","9,1","1,86"
2021-12-07,"14,12","5,46","10,11","5,34"
2021-12-08,"10,99","5,41","8,4","3,84"
2021-12-09,"11,93","4,99","8,64","7,57"
2021-12-10,"13,68","7,61","11,06","4,31"
2021-12-11,"14,97","6,67","11,22","1,69"
2021-12-12,"15,52","4,99","10,58","0,08"
2021-12-13,"14,69","4,67","9,8","0,02"
2021-12-14,"14,54","4,23","9,39","0,1"
2021-12-17,"13,11","4,54","8,54","0,01"
2021-12-18,"12,18","4,56","8,07","0,13"
2021-12-19,"12,78","4,9","8,65","0,14"
2021-12-20,"13,1","5,01","8,87","0,81"
2021-12-21,"14,74","6,86","11,07","2,49"
2021-12-22,"14,5","7,05","11,14","2,32"
2021-12-23,"13,48","7,84","11,08","4,74"
2021-12-24,"13,42","8,09","11,2","5,53"
2021-12-25,"13,63","7,85","11,18","4,45"
2021-12-26,"14,26","7,88","11,49","4,09"
2021-12-27,"16,25","9,9","13,53","1,76"
2021-12-28,"16,52","9,24","13,33","0,38"
2021-12-29,"17,09","7,45","12,7","0,11"
2021-12-30,"18,61","5,89","12,63","0,03"
2021-12-31,"18,59","5,93","12,61","0,02"
2022-01-01,"18,44","6,49","12,74","0,12"
2022-01-02,"17,23","5,96","11,95","0,02"
2022-01-03,"17,03","5,38","11,56","0,05"
2022-01-04,"15,67","5,38","10,88","4,91"
2022-01-05,"10,19","4,34","7,37","3,06"
2022-01-06,"9,97","4,16","6,37","0,76"
2022-01-07,"11,42","3,84","7,12","1,27"
2022-01-08,"11,9","3,94","7,42","0,28"
2022-01-09,"13,51","5,19","9,56","5,44"
2022-01-10,"14,52","7,48","11,44","2,95"
2022-01-11,"13,82","5,14","9,74","0,63"
2022-01-12,"12,53","4,09","8,01","0,07"
2022-01-13,"11,86","4,32","6,8","0,1"
2022-01-14,"11,83","4,57","6,62","0,04"
2022-01-17,"12,44","4,02","6,78","1,46"
2022-01-18,"13,19","4,07","7,04","0,19"
2022-01-19,"12,79","4,17","6,93","0,01"
2022-01-20,"12,35","4,02","7,25","0,46"
2022-01-21,"10,42","3,82","6,1","0,33"
2022-01-22,"11,39","4,52","6,18","0,07"
2022-01-23,"11,98","4,63","6,73","0,12"
2022-01-24,"12,08","4,71","7,2","0,34"
2022-01-25,"12,43","4,63","7,52","0,36"
2022-01-26,"12,83","4,53","7,66","0,85"
2022-01-27,"13,84","4,58","8,24","0,56"
2022-01-28,"14,52","4,21","8,3","0,31"
2022-01-29,"15,94","4,57","9,06","0,04"
2022-01-30,"16,51","4,27","9,48","0,0"
2022-01-31,"15,55","4,2","9,17","0,44"
2022-02-01,"14,58","4,52","9,61","0,23"
2022-02-02,"19,49","4,55","11,81","0,47"
2022-02-03,"17,98","4,73","11,2","0,14"
2022-02-04,"14,87","5,33","10,29","0,34"
2022-02-05,"13,68","5,29","9,5","0,56"
2022-02-06,"14,23","5,04","8,62","0,02"
2022-02-07,"16,08","4,51","9,86","0,09"
2022-02-08,"17,04","4,7","10,59","0,0"
2022-02-09,"16,99","4,93","10,76","0,01"
2022-02-10,"16,8","4,68","10,5","0,36"
2022-02-11,"15,74","4,91","10,56","0,46"
2022-02-12,"14,76","4,58","9,92","0,09"
2022-02-13,"14,07","5,17","9,94","1,74"
2022-02-14,"12,89","4,96","9,19","2,64"
2022-02-17,"18,57","5,91","12,63","0,05"
2022-02-18,"18,02","4,72","11,64","0,56"
2022-02-19,"12,73","5,16","9,03","1,59"
2022-02-20,"14,81","4,84","9,36","0,39"
2022-02-21,"16,73","4,5","10,67","0,45"
2022-02-22,"18,53","4,49","11,34","0,01"
2022-02-23,"17,99","4,59","11,04","0,04"
2022-02-24,"16,09","4,97","10,71","0,31"
2022-02-25,"13,28","6,14","9,99","1,18"
2022-02-26,"13,3","5,48","9,2","1,55"
2022-02-27,"14,74","5,83","10,67","0,38"
2022-02-28,"16,45","4,7","10,73","0,03"
2022-03-01,"17,36","4,75","11,2","0,63"
2022-03-02,"15,48","5,56","10,92","1,64"
2022-03-03,"13,87","5,26","9,84","8,81"
2022-03-04,"12,32","5,01","8,91","3,77"
2022-03-05,"12,25","4,74","8,33","0,77"
2022-03-06,"11,45","4,43","7,88","1,46"
2022-03-07,"12,06","4,44","8,35","1,76"
2022-03-08,"13,09","4,53","9,15","1,8"
2022-03-09,"14,68","4,09","9,58","1,14"
2022-03-10,"15,3","5,53","10,82","1,25"
2022-03-11,"13,44","6,34","10,3","6,47"
2022-03-12,"14,03","5,27","9,89","6,2"
2022-03-13,"14,59","5,76","10,52","4,53"
2022-03-14,"12,53","6,19","9,73","7,9"
2022-03-17,"12,6","7,89","10,68","3,59"
2022-03-18,"13,58","6,62","10,52","0,86"
2022-03-19,"14,78","6,6","11,13","0,74"
2022-03-20,"15,1","7,86","11,91","3,81"
2022-03-21,"13,99","8,25","11,56","7,76"
2022-03-22,"13,72","7,79","11,16","3,87"
2022-03-23,"13,21","7,21","10,55","5,39"
2022-03-24,"13,64","6,8","10,56","5,0"
2022-03-25,"14,37","8,12","11,7","3,11"
2022-03-26,"14,7","7,21","11,4","2,54"
2022-03-27,"16,91","6,91","12,32","0,93"
2022-03-28,"17,42","7,31","12,78","0,84"
2022-03-29,"15,94","8,25","12,54","2,19"
2022-03-30,"14,34","7,69","11,44","4,34"
2022-03-31,"13,99","6,21","10,45","3,94"
2022-04-01,"11,38","4,82","7,93","1,46"
2022-04-02,"11,56","3,94","7,0","1,14"
2022-04-03,"11,24","4,0","6,54","2,04"
2022-04-04,"11,17","4,88","6,94","1,03"
2022-04-05,"12,3","4,61","7,65","4,79"
2022-04-06,"15,92","4,15","9,97","0,75"
2022-04-07,"18,78","5,57","12,54","0,06"
2022-04-08,"17,88","7,4","13,06","1,23"
2022-04-09,"18,01","7,84","13,34","0,58"
2022-04-10,"20,29","6,79","13,9","0,03"
2022-04-11,"19,31","8,96","14,59","2,72"
2022-04-12,"16,2","9,03","13,06","5,19"
2022-04-13,"16,42","7,77","12,55","3,68"
2022-04-14,"19,47","8,37","14,36","0,44"
2022-04-17,"23,75","9,24","16,94","0,01"
2022-04-18,"21,41","9,28","15,78","0,55"
2022-04-19,"15,77","7,84","12,21","5,12"
2022-04-20,"13,23","6,09","10,04","8,46"
2022-04-21,"15,49","5,82","10,89","2,67"
2022-04-22,"14,36","6,41","10,79","8,53"
2022-04-23,"13,36","6,59","10,38","7,09"
2022-04-24,"17,48","6,71","12,47","0,73"
2022-04-25,"19,72","6,1","13,31","0,44"
2022-04-26,"20,0","7,73","14,32","0,95"
2022-04-27,"17,94","9,26","14,03","3,06"
2022-04-28,"17,69","8,88","13,73","2,32"
2022-04-29,"21,44","8,16","15,25","0,06"
2022-04-30,"22,13","9,39","16,22","0,38"
2022-05-01,"22,09","9,59","16,31","0,33"
2022-05-02,"17,69","9,55","14,06","3,01"
2022-05-03,"17,04","9,39","13,66","3,42"
2022-05-04,"18,0","8,72","13,82","2,79"
2022-05-05,"20,53","8,4","14,92","0,11"
2022-05-06,"21,68","8,45","15,51","0,03"
2022-05-07,"23,1","8,83","16,41","0,0"
2022-05-08,"24,0","9,49","17,2","0,03"
2022-05-09,"25,48","10,06","18,22","0,08"
2022-05-10,"26,34","11,0","19,12","0,01"
2022-05-11,"26,06","11,73","19,34","0,14"
2022-05-12,"24,41","12,18","18,75","0,29"
2022-05-13,"26,11","11,61","19,32","0,14"
2022-05-14,"26,08","13,36","20,18","1,39"
2022-05-17,"27,05","12,52","20,24","0,16"
2022-05-18,"28,16","13,6","21,33","0,04"
2022-05-19,"28,31","13,96","21,58","0,0"
2022-05-20,"29,02","15,49","22,71","0,0"
2022-05-21,"29,55","15,81","23,12","0,19"
2022-05-22,"26,84","14,96","21,36","1,34"
2022-05-23,"24,8","13,37","19,54","0,35"
2022-05-24,"20,29","11,06","16,1","2,47"
2022-05-25,"20,7","9,54","15,55","2,36"
2022-05-26,"24,18","9,96","17,51","0,05"
2022-05-27,"26,95","11,73","19,79","0,02"
2022-05-28,"28,41","12,8","21,07","0,01"
2022-05-29,"26,61","12,89","20,2","0,43"
2022-05-30,"23,85","13,03","18,9","0,45"
2022-05-31,"26,39","12,14","19,72","0,76"
2022-06-01,"26,62","13,48","20,5","1,11"
2022-06-02,"25,87","13,46","20,11","0,54"
2022-06-03,"25,87","14,14","20,44","0,93"
2022-06-04,"25,21","13,26","19,69","1,05"
2022-06-05,"26,56","12,74","20,09","0,01"
2022-06-06,"27,61","13,15","20,83","0,09"
2022-06-07,"28,5","14,13","21,76","0,06"
2022-06-08,"26,62","15,7","21,61","0,7"
2022-06-09,"28,72","15,38","22,49","0,09"
2022-06-10,"30,6","15,19","23,36","0,01"
2022-06-11,"30,58","16,57","24,03","0,64"
2022-06-12,"31,34","17,19","24,71","0,46"
2022-06-13,"32,21","17,3","25,2","0,04"
2022-06-14,"32,88","17,96","25,88","0,26"
2022-06-17,"34,26","18,76","26,96","0,27"
2022-06-18,"32,74","18,54","26,09","0,36"
2022-06-19,"27,25","16,2","22,17","0,86"
2022-06-20,"25,89","15,34","21,07","0,56"
2022-06-21,"25,91","14,08","20,46","1,68"
2022-06-22,"24,06","13,9","19,44","2,32"
2022-06-23,"24,32","13,89","19,55","1,85"
2022-06-24,"25,4","13,27","19,8","0,54"
2022-06-25,"24,98","13,29","19,58","0,75"
2022-06-26,"24,4","12,66","18,98","0,39"
2022-06-27,"24,03","12,3","18,61","1,61"
2022-06-28,"27,63","12,08","20,31","0,13"
2022-06-29,"26,98","13,38","20,63","0,4"
2022-06-30,"25,28","13,27","19,72","0,16"
2022-07-01,"27,97","12,62","20,75","0,11"
2022-07-02,"30,11","15,25","23,13","0,18"
2022-07-03,"28,86","17,13","23,45","1,16"
2022-07-04,"29,23","15,97","23,07","0,06"
2022-07-05,"29,44","16,54","23,44","0,42"
2022-07-06,"27,46","16,76","22,57","3,35"
2022-07-07,"29,07","15,61","22,8","0,01"
2022-07-08,"31,11","15,97","23,98","0,0"
2022-07-09,"32,9","16,72","25,27","0,0"
2022-07-10,"33,76","17,49","26,07","0,01"
2022-07-11,"33,85","17,9","26,32","0,05"
2022-07-12,"34,22","18,49","26,8","0,02"
2022-07-13,"35,21","18,78","27,44","0,0"
2022-07-14,"35,34","19,02","27,64","0,2"
2022-07-17,"35,51","19,39","27,89","0,06"
2022-07-18,"33,95","19,29","27,08","0,01"
2022-07-19,"31,46","17,94","25,15","0,17"
2022-07-20,"31,99","17,29","25,11","0,14"
2022-07-21,"33,38","18,48","26,39","0,02"
2022-07-22,"32,25","18,65","25,91","0,26"
2022-07-23,"33,27","17,55","25,87","0,01"
2022-07-24,"35,14","18,47","27,25","0,0"
2022-07-25,"33,19","19,4","26,74","0,11"
2022-07-26,"31,24","18,4","25,28","0,2"
2022-07-27,"30,39","17,24","24,27","0,18"
2022-07-28,"30,41","16,78","24,05","0,77"
2022-07-29,"30,52","17,51","24,47","1,09"
2022-07-30,"31,24","18,51","25,32","0,26"
2022-07-31,"32,51","18,84","26,12","0,18"
2022-08-01,"33,4","19,24","26,76","0,14"
2022-08-02,"34,44","19,42","27,38","0,27"
2022-08-03,"33,68","19,66","27,12","0,78"
2022-08-04,"32,39","18,74","26,02","0,54"
2022-08-05,"31,51","18,21","25,32","0,77"
2022-08-06,"32,23","17,69","25,43","0,41"
2022-08-07,"32,15","18,05","25,56","0,63"
2022-08-08,"32,13","17,71","25,38","0,4"
2022-08-09,"33,05","18,3","26,12","0,58"
2022-08-10,"32,77","19,22","26,44","0,74"
2022-08-11,"32,7","18,79","26,2","0,27"
2022-08-12,"33,57","18,45","26,47","0,18"
2022-08-13,"31,43","19,45","25,9","0,88"
2022-08-14,"30,34","17,32","24,29","0,11"
2022-08-17,"26,46","15,1","21,24","3,15"
2022-08-18,"26,37","14,3","20,78","2,46"
2022-08-19,"29,52","14,41","22,41","0,04"
2022-08-20,"31,98","15,71","24,29","0,01"
2022-08-21,"32,17","17,43","25,25","0,18"
2022-08-22,"30,94","17,75","24,79","0,16"
2022-08-23,"31,94","18,02","25,44","0,07"
2022-08-24,"32,0","18,56","25,74","1,71"
2022-08-25,"29,76","18,07","24,36","1,9"
2022-08-26,"29,35","17,33","23,79","1,2"
2022-08-27,"29,78","16,34","23,51","0,89"
2022-08-28,"31,01","17,25","24,59","0,36"
2022-08-29,"29,78","18,26","24,48","1,87"
2022-08-30,"30,46","17,13","24,25","0,25"
2022-08-31,"28,73","17,2","23,43","1,79"
2022-09-01,"29,03","15,7","22,82","0,2"
2022-09-02,"28,22","16,48","22,8","0,59"
2022-09-03,"27,19","15,14","21,62","0,46"
2022-09-04,"28,19","14,02","21,57","0,13"
2022-09-05,"28,48","15,04","22,21","0,67"
2022-09-06,"28,22","15,31","22,22","0,27"
2022-09-07,"26,95","14,48","21,17","0,17"
2022-09-08,"27,28","15,18","21,68","0,26"
2022-09-09,"28,71","15,86","22,73","0,14"
2022-09-10,"30,37","15,5","23,39","0,0"
2022-09-11,"31,96","16,75","24,8","0,02"
2022-09-12,"29,47","18,71","24,54","1,42"
2022-09-13,"25,19","18,05","22,06","6,84"
2022-09-14,"24,92","16,77","21,3","3,24"
2022-09-17,"25,91","14,16","20,49","0,25"
2022-09-18,"26,89","14,46","21,13","0,63"
2022-09-19,"27,04","14,88","21,41","1,93"
2022-09-20,"26,92","14,01","20,92","0,57"
2022-09-21,"25,79","13,51","20,1","0,79"
2022-09-22,"26,18","13,23","20,17","0,47"
2022-09-23,"25,48","13,78","20,08","1,92"
2022-09-24,"22,56","13,18","18,32","4,56"
2022-09-25,"20,81","10,85","16,27","10,03"
2022-09-26,"21,3","10,43","16,32","4,41"
2022-09-29,"19,29","11,59","15,89","6,32"
2022-09-30,"19,99","9,52","15,21","2,06"
2022-10-01,"23,83","9,06","16,89","0,05"
2022-10-02,"26,41","10,94","19,13","0,0"
2022-10-03,"27,01","12,91","20,42","0,04"
2022-10-04,"27,18","13,27","20,67","0,08"
2022-10-05,"26,3","12,93","20,08","0,1"
2022-10-06,"24,28","13,73","19,45","1,81"
2022-10-07,"23,91","13,23","19,04","1,76"
2022-10-08,"23,68","13,46","19,01","0,96"
2022-10-09,"24,25","12,82","19,0","0,7"
2022-10-10,"22,05","13,72","18,34","3,12"
2022-10-11,"21,85","13,5","18,13","2,42"
2022-10-12,"22,68","12,28","17,94","0,91"
2022-10-13,"23,84","11,62","18,16","0,15"
2022-10-14,"25,4","12,51","19,41","0,26"
2022-10-17,"24,33","14,69","19,98","2,16"
2022-10-18,"25,98","14,45","20,67","0,31"
2022-10-19,"23,78","14,96","19,81","4,5"
2022-10-20,"20,86","14,28","18,02","6,9"
2022-10-21,"20,53","14,27","17,85","3,91"
2022-10-22,"22,13","13,55","18,3","3,8"
2022-10-23,"21,61","14,17","18,35","3,74"
2022-10-24,"21,71","12,79","17,69","0,4"
2022-10-25,"23,74","13,18","18,92","0,57"
2022-10-26,"24,58","13,77","19,61","0,46"
2022-10-27,"25,43","15,06","20,7","0,46"
2022-10-28,"24,82","14,14","19,93","1,3"
2022-10-29,"23,59","13,11","18,8","1,93"
2022-10-30,"21,3","11,92","17,06","1,71"
2022-10-31,"20,21","11,95","16,53","3,43"
2022-11-01,"21,14","10,93","16,49","0,15"
2022-11-02,"20,84","9,79","15,76","0,04"
2022-11-03,"18,51","10,39","14,89","2,17"
2022-11-04,"17,36","8,46","13,27","1,28"
2022-11-05,"19,36","6,42","13,18","0,09"
2022-11-06,"19,96","6,47","13,56","0,52"
2022-11-07,"19,81","7,46","14,05","0,15"
2022-11-08,"19,12","10,42","15,22","2,6"
2022-11-09,"18,43","9,89","14,61","2,23"
2022-11-10,"18,66","8,2","13,85","1,91"
2022-11-11,"18,48","8,2","13,77","3,31"
2022-11-12,"20,08","10,36","15,67","2,13"
2022-11-13,"20,2","9,23","15,15","0,78"
2022-11-14,"17,9","9,98","14,4","1,24"
2022-11-17,"18,59","11,04","15,27","3,12"
2022-11-18,"14,0","7,49","11,16","3,5"
2022-11-19,"12,21","5,98","9,43","3,61"
2022-11-20,"15,28","6,65","11,3","2,29"
2022-11-21,"15,24","7,17","11,58","9,77"
2022-11-22,"13,85","6,72","10,62","3,22"
2022-11-23,"17,33","9,54","13,87","3,51"
2022-11-24,"15,78","8,42","12,51","4,43"
2022-11-25,"15,62","6,91","11,64","1,45"
2022-11-26,"16,46","4,99","10,93","0,02"
2022-11-27,"16,33","4,93","10,78","1,84"
2022-11-28,"13,9","6,07","10,36","2,82"
2022-11-29,"13,8","5,28","9,82","1,1"
2022-11-30,"13,34","4,44","9,08","1,07"
